level,path_length,path,sentiment_pattern,weighted_count,raw_count,unique_sources,mean_reference_span,median_reference_span,stop_distribution,source_normalized_support,persists_after_leave_one_source_out
domain,4,Landscape characteristics (physical properties) -> Percieved qualities (experiential dimension) -> Percieved qualities (experiential dimension) -> Percieved qualities (experiential dimension),unmarked -> unmarked -> unmarked -> unmarked,4.399305555555555,23,8,21.130434782608695,9.0,"{""Navegna Lago"": 1, ""Crocifisso"": 1, ""Simen x Paoli"": 1, ""After Via dei Colli / Before Mezzaro"": 2, ""Mulino San Martino / Parco Vicolo della Roggia"": 1, ""Ponte Navegna"": 8, ""Chiesa, Via San Gottardo"": 2, ""Panorama, Via dei Colli"": 7}",0.8,True
domain,4,Percieved qualities (experiential dimension) -> Landscape characteristics (physical properties) -> Percieved qualities (experiential dimension) -> Percieved qualities (experiential dimension),unmarked -> unmarked -> unmarked -> unmarked,2.8032407407407405,21,8,35.666666666666664,22.0,"{""Navegna Lago"": 3, ""Simen x Paoli"": 1, ""After Via dei Colli / Before Mezzaro"": 2, ""Mulino San Martino / Parco Vicolo della Roggia"": 1, ""Via Mezzaro"": 1, ""Ponte Navegna"": 6, ""Chiesa, Via San Gottardo"": 1, ""Panorama, Via dei Colli"": 6}",0.8,True
domain,4,Landscape characteristics (physical properties) -> Landscape characteristics (physical properties) -> Landscape characteristics (physical properties) -> Memory/temporality,unmarked -> unmarked -> unmarked -> unmarked,1.722222222222222,15,8,21.8,17.0,"{""Navegna Lago"": 4, ""Simen x Paoli"": 1, ""After Via dei Colli / Before Mezzaro"": 2, ""Mulino San Martino / Parco Vicolo della Roggia"": 1, ""Via Mezzaro"": 1, ""Ponte Navegna"": 2, ""Chiesa, Via San Gottardo"": 2, ""Panorama, Via dei Colli"": 2}",0.8,True
domain,4,Percieved qualities (experiential dimension) -> Percieved qualities (experiential dimension) -> Percieved qualities (experiential dimension) -> Percieved qualities (experiential dimension),unmarked -> unmarked -> unmarked -> unmarked,5.8530092592592595,35,7,27.257142857142856,20.0,"{""Navegna Lago"": 2, ""Simen x Paoli"": 1, ""After Via dei Colli / Before Mezzaro"": 1, ""Mulino San Martino / Parco Vicolo della Roggia"": 4, ""Ponte Navegna"": 15, ""Chiesa, Via San Gottardo"": 3, ""Panorama, Via dei Colli"": 9}",0.7,True
domain,4,Landscape characteristics (physical properties) -> Landscape characteristics (physical properties) -> Landscape characteristics (physical properties) -> Landscape characteristics (physical properties),unmarked -> unmarked -> unmarked -> unmarked,4.851851851851852,26,7,24.307692307692307,19.5,"{""Navegna Lago"": 6, ""Simen x Paoli"": 3, ""After Via dei Colli / Before Mezzaro"": 2, ""Mulino San Martino / Parco Vicolo della Roggia"": 4, ""Via Mezzaro"": 2, ""Ponte Navegna"": 5, ""Panorama, Via dei Colli"": 4}",0.7,True
domain,4,Landscape characteristics (physical properties) -> Landscape characteristics (physical properties) -> Percieved qualities (experiential dimension) -> Percieved qualities (experiential dimension),unmarked -> unmarked -> unmarked -> unmarked,4.261574074074074,20,7,23.85,10.5,"{""Navegna Lago"": 4, ""Crocifisso"": 1, ""After Via dei Colli / Before Mezzaro"": 2, ""Mulino San Martino / Parco Vicolo della Roggia"": 1, ""Via Mezzaro"": 1, ""Ponte Navegna"": 5, ""Panorama, Via dei Colli"": 6}",0.7,True
domain,4,Memory/temporality -> Memory/temporality -> Landscape characteristics (physical properties) -> Landscape characteristics (physical properties),unmarked -> unmarked -> unmarked -> unmarked,2.886574074074074,16,7,40.1875,16.0,"{""Navegna Lago"": 2, ""Simen x Paoli"": 1, ""Mulino San Martino / Parco Vicolo della Roggia"": 1, ""Via Mezzaro"": 1, ""Ponte Navegna"": 5, ""Chiesa, Via San Gottardo"": 4, ""Panorama, Via dei Colli"": 2}",0.7,True
domain,4,Memory/temporality -> Landscape characteristics (physical properties) -> Landscape characteristics (physical properties) -> Percieved qualities (experiential dimension),unmarked -> unmarked -> unmarked -> unmarked,2.050925925925926,8,7,19.75,10.5,"{""Navegna Lago"": 2, ""Crocifisso"": 1, ""After Via dei Colli / Before Mezzaro"": 1, ""Mulino San Martino / Parco Vicolo della Roggia"": 1, ""Via Mezzaro"": 1, ""Chiesa, Via San Gottardo"": 1, ""Panorama, Via dei Colli"": 1}",0.7,True
domain,4,Memory/temporality -> Landscape characteristics (physical properties) -> Landscape characteristics (physical properties) -> Landscape characteristics (physical properties),unmarked -> unmarked -> unmarked -> unmarked,1.8194444444444444,14,7,34.57142857142857,13.0,"{""Navegna Lago"": 2, ""After Via dei Colli / Before Mezzaro"": 1, ""Mulino San Martino / Parco Vicolo della Roggia"": 2, ""Via Mezzaro"": 1, ""Ponte Navegna"": 5, ""Chiesa, Via San Gottardo"": 2, ""Panorama, Via dei Colli"": 1}",0.7,True
domain,4,Memory/temporality -> Memory/temporality -> Memory/temporality -> Memory/temporality,unmarked -> unmarked -> unmarked -> unmarked,5.993055555555555,26,6,41.38461538461539,38.5,"{""Crocifisso"": 1, ""Mulino San Martino / Parco Vicolo della Roggia"": 1, ""Via Mezzaro"": 1, ""Chiesa, Via San Gottardo"": 21, ""Panorama, Via dei Colli"": 1, ""Scuola Elementare, Via Frizzi"": 1}",0.6,True
domain,4,Memory/temporality -> Memory/temporality -> Memory/temporality -> Landscape characteristics (physical properties),unmarked -> unmarked -> unmarked -> unmarked,3.2152777777777777,15,6,36.46666666666667,21.0,"{""Navegna Lago"": 1, ""Mulino San Martino / Parco Vicolo della Roggia"": 1, ""Via Mezzaro"": 1, ""Ponte Navegna"": 2, ""Chiesa, Via San Gottardo"": 8, ""Panorama, Via dei Colli"": 2}",0.6,True
domain,4,Percieved qualities (experiential dimension) -> Memory/temporality -> Memory/temporality -> Memory/temporality,unmarked -> unmarked -> unmarked -> unmarked,3.0,16,6,35.875,29.0,"{""Navegna Lago"": 1, ""Crocifisso"": 1, ""Ponte Navegna"": 2, ""Chiesa, Via San Gottardo"": 8, ""Panorama, Via dei Colli"": 2, ""Scuola Elementare, Via Frizzi"": 2}",0.6,True
domain,4,Percieved qualities (experiential dimension) -> Percieved qualities (experiential dimension) -> Landscape characteristics (physical properties) -> Percieved qualities (experiential dimension),unmarked -> unmarked -> unmarked -> unmarked,2.949074074074074,20,6,30.25,12.0,"{""Navegna Lago"": 1, ""After Via dei Colli / Before Mezzaro"": 1, ""Via Mezzaro"": 1, ""Ponte Navegna"": 10, ""Chiesa, Via San Gottardo"": 1, ""Panorama, Via dei Colli"": 6}",0.6,True
domain,4,Percieved qualities (experiential dimension) -> Percieved qualities (experiential dimension) -> Landscape characteristics (physical properties) -> Landscape characteristics (physical properties),unmarked -> unmarked -> unmarked -> unmarked,2.800925925925926,25,6,33.72,24.0,"{""Navegna Lago"": 6, ""Simen x Paoli"": 1, ""After Via dei Colli / Before Mezzaro"": 1, ""Ponte Navegna"": 8, ""Chiesa, Via San Gottardo"": 1, ""Panorama, Via dei Colli"": 8}",0.6,True
domain,4,Percieved qualities (experiential dimension) -> Percieved qualities (experiential dimension) -> Memory/temporality -> Memory/temporality,unmarked -> unmarked -> unmarked -> unmarked,2.7708333333333335,16,6,29.1875,25.0,"{""Navegna Lago"": 2, ""Crocifisso"": 1, ""Ponte Navegna"": 4, ""Chiesa, Via San Gottardo"": 5, ""Panorama, Via dei Colli"": 3, ""Scuola Elementare, Via Frizzi"": 1}",0.6,True
domain,4,Landscape characteristics (physical properties) -> Landscape characteristics (physical properties) -> Landscape characteristics (physical properties) -> Percieved qualities (experiential dimension),unmarked -> unmarked -> unmarked -> unmarked,2.6018518518518516,16,6,19.375,9.0,"{""Navegna Lago"": 4, ""After Via dei Colli / Before Mezzaro"": 2, ""Mulino San Martino / Parco Vicolo della Roggia"": 2, ""Ponte Navegna"": 4, ""Chiesa, Via San Gottardo"": 1, ""Panorama, Via dei Colli"": 3}",0.6,True
domain,4,Memory/temporality -> Memory/temporality -> Landscape characteristics (physical properties) -> Percieved qualities (experiential dimension),unmarked -> unmarked -> unmarked -> unmarked,2.4791666666666665,14,6,20.857142857142858,18.0,"{""Navegna Lago"": 4, ""Simen x Paoli"": 1, ""Via Mezzaro"": 1, ""Ponte Navegna"": 1, ""Chiesa, Via San Gottardo"": 4, ""Panorama, Via dei Colli"": 3}",0.6,True
domain,4,Memory/temporality -> Percieved qualities (experiential dimension) -> Percieved qualities (experiential dimension) -> Percieved qualities (experiential dimension),unmarked -> unmarked -> unmarked -> unmarked,1.988425925925926,17,6,33.294117647058826,22.0,"{""Navegna Lago"": 3, ""Simen x Paoli"": 1, ""Mulino San Martino / Parco Vicolo della Roggia"": 1, ""Ponte Navegna"": 4, ""Chiesa, Via San Gottardo"": 3, ""Panorama, Via dei Colli"": 5}",0.6,True
domain,4,Percieved qualities (experiential dimension) -> Landscape characteristics (physical properties) -> Landscape characteristics (physical properties) -> Landscape characteristics (physical properties),unmarked -> unmarked -> unmarked -> unmarked,1.9351851851851851,23,6,37.17391304347826,24.0,"{""Navegna Lago"": 6, ""Simen x Paoli"": 2, ""After Via dei Colli / Before Mezzaro"": 3, ""Ponte Navegna"": 5, ""Chiesa, Via San Gottardo"": 1, ""Panorama, Via dei Colli"": 6}",0.6,True
domain,4,Landscape characteristics (physical properties) -> Percieved qualities (experiential dimension) -> Memory/temporality -> Percieved qualities (experiential dimension),unmarked -> unmarked -> unmarked -> unmarked,1.9050925925925928,9,6,22.11111111111111,15.0,"{""Simen x Paoli"": 1, ""Mulino San Martino / Parco Vicolo della Roggia"": 1, ""Via Mezzaro"": 1, ""Ponte Navegna"": 1, ""Chiesa, Via San Gottardo"": 2, ""Panorama, Via dei Colli"": 3}",0.6,True
domain,4,Percieved qualities (experiential dimension) -> Percieved qualities (experiential dimension) -> Percieved qualities (experiential dimension) -> Functionality,unmarked -> unmarked -> unmarked -> unmarked,1.8923611111111112,16,6,25.75,17.0,"{""Navegna Lago"": 5, ""Simen x Paoli"": 1, ""Mulino San Martino / Parco Vicolo della Roggia"": 2, ""Ponte Navegna"": 4, ""Chiesa, Via San Gottardo"": 2, ""Panorama, Via dei Colli"": 2}",0.6,True
domain,4,Percieved qualities (experiential dimension) -> Landscape characteristics (physical properties) -> Percieved qualities (experiential dimension) -> Landscape characteristics (physical properties),unmarked -> unmarked -> unmarked -> unmarked,1.7685185185185184,20,6,30.45,15.0,"{""Navegna Lago"": 3, ""After Via dei Colli / Before Mezzaro"": 2, ""Via Mezzaro"": 1, ""Ponte Navegna"": 7, ""Chiesa, Via San Gottardo"": 2, ""Panorama, Via dei Colli"": 5}",0.6,True
domain,4,Memory/temporality -> Landscape characteristics (physical properties) -> Percieved qualities (experiential dimension) -> Memory/temporality,unmarked -> unmarked -> unmarked -> unmarked,1.7222222222222223,9,6,15.333333333333334,12.0,"{""Navegna Lago"": 2, ""Simen x Paoli"": 1, ""Via Mezzaro"": 1, ""Ponte Navegna"": 1, ""Chiesa, Via San Gottardo"": 2, ""Panorama, Via dei Colli"": 2}",0.6,True
domain,4,Memory/temporality -> Landscape characteristics (physical properties) -> Landscape characteristics (physical properties) -> Memory/temporality,unmarked -> unmarked -> unmarked -> unmarked,1.7152777777777777,13,6,37.07692307692308,15.0,"{""Navegna Lago"": 2, ""Simen x Paoli"": 1, ""Mulino San Martino / Parco Vicolo della Roggia"": 1, ""Ponte Navegna"": 3, ""Chiesa, Via San Gottardo"": 5, ""Panorama, Via dei Colli"": 1}",0.6,True
domain,4,Percieved qualities (experiential dimension) -> Percieved qualities (experiential dimension) -> Memory/temporality -> Percieved qualities (experiential dimension),unmarked -> unmarked -> unmarked -> unmarked,1.7106481481481481,15,6,27.466666666666665,20.0,"{""Navegna Lago"": 1, ""Mulino San Martino / Parco Vicolo della Roggia"": 1, ""Via Mezzaro"": 1, ""Ponte Navegna"": 6, ""Chiesa, Via San Gottardo"": 2, ""Panorama, Via dei Colli"": 4}",0.6,True
domain,4,Landscape characteristics (physical properties) -> Landscape characteristics (physical properties) -> Memory/temporality -> Memory/temporality,unmarked -> unmarked -> unmarked -> unmarked,1.6319444444444444,12,6,34.25,28.0,"{""Navegna Lago"": 2, ""Simen x Paoli"": 1, ""After Via dei Colli / Before Mezzaro"": 1, ""Via Mezzaro"": 1, ""Chiesa, Via San Gottardo"": 4, ""Panorama, Via dei Colli"": 3}",0.6,True
domain,4,Functionality -> Percieved qualities (experiential dimension) -> Functionality -> Percieved qualities (experiential dimension),unmarked -> unmarked -> unmarked -> unmarked,1.6226851851851851,10,6,40.9,13.5,"{""Navegna Lago"": 2, ""Simen x Paoli"": 1, ""Via Mezzaro"": 3, ""Ponte Navegna"": 1, ""Chiesa, Via San Gottardo"": 2, ""Panorama, Via dei Colli"": 1}",0.6,True
domain,4,Landscape characteristics (physical properties) -> Percieved qualities (experiential dimension) -> Percieved qualities (experiential dimension) -> Memory/temporality,unmarked -> unmarked -> unmarked -> unmarked,1.6041666666666665,11,6,43.90909090909091,24.0,"{""Navegna Lago"": 4, ""Simen x Paoli"": 1, ""Via Mezzaro"": 1, ""Ponte Navegna"": 3, ""Chiesa, Via San Gottardo"": 1, ""Panorama, Via dei Colli"": 1}",0.6,True
domain,4,Landscape characteristics (physical properties) -> Memory/temporality -> Percieved qualities (experiential dimension) -> Percieved qualities (experiential dimension),unmarked -> unmarked -> unmarked -> unmarked,1.5763888888888888,12,6,29.333333333333332,21.5,"{""Navegna Lago"": 2, ""Simen x Paoli"": 1, ""Mulino San Martino / Parco Vicolo della Roggia"": 1, ""Ponte Navegna"": 3, ""Chiesa, Via San Gottardo"": 2, ""Panorama, Via dei Colli"": 3}",0.6,True
domain,4,Percieved qualities (experiential dimension) -> Memory/temporality -> Percieved qualities (experiential dimension) -> Landscape characteristics (physical properties),unmarked -> unmarked -> unmarked -> unmarked,1.5,16,6,31.875,13.5,"{""Navegna Lago"": 2, ""Mulino San Martino / Parco Vicolo della Roggia"": 1, ""Via Mezzaro"": 2, ""Ponte Navegna"": 6, ""Chiesa, Via San Gottardo"": 3, ""Panorama, Via dei Colli"": 2}",0.6,True
domain,4,Landscape characteristics (physical properties) -> Landscape characteristics (physical properties) -> Memory/temporality -> Percieved qualities (experiential dimension),unmarked -> unmarked -> unmarked -> unmarked,1.3958333333333333,11,6,31.272727272727273,15.0,"{""Navegna Lago"": 2, ""After Via dei Colli / Before Mezzaro"": 1, ""Mulino San Martino / Parco Vicolo della Roggia"": 2, ""Ponte Navegna"": 2, ""Chiesa, Via San Gottardo"": 1, ""Panorama, Via dei Colli"": 3}",0.6,True
domain,4,Landscape characteristics (physical properties) -> Landscape characteristics (physical properties) -> Landscape characteristics (physical properties) -> Place identity,unmarked -> unmarked -> unmarked -> unmarked,1.3194444444444444,7,6,32.0,25.0,"{""Navegna Lago"": 2, ""Simen x Paoli"": 1, ""After Via dei Colli / Before Mezzaro"": 1, ""Mulino San Martino / Parco Vicolo della Roggia"": 1, ""Via Mezzaro"": 1, ""Ponte Navegna"": 1}",0.6,True
domain,4,Memory/temporality -> Landscape characteristics (physical properties) -> Percieved qualities (experiential dimension) -> Percieved qualities (experiential dimension),unmarked -> unmarked -> unmarked -> unmarked,1.2708333333333333,12,6,30.333333333333332,24.5,"{""Navegna Lago"": 4, ""Simen x Paoli"": 1, ""After Via dei Colli / Before Mezzaro"": 1, ""Ponte Navegna"": 1, ""Chiesa, Via San Gottardo"": 2, ""Panorama, Via dei Colli"": 3}",0.6,True
domain,4,Landscape characteristics (physical properties) -> Landscape characteristics (physical properties) -> Place identity -> Landscape characteristics (physical properties),unmarked -> unmarked -> unmarked -> unmarked,1.2638888888888888,9,6,33.888888888888886,24.0,"{""Navegna Lago"": 3, ""After Via dei Colli / Before Mezzaro"": 2, ""Mulino San Martino / Parco Vicolo della Roggia"": 1, ""Via Mezzaro"": 1, ""Ponte Navegna"": 1, ""Panorama, Via dei Colli"": 1}",0.6,True
domain,4,Memory/temporality -> Landscape characteristics (physical properties) -> Landscape characteristics (physical properties) -> Place identity,unmarked -> unmarked -> unmarked -> unmarked,1.125,7,6,15.0,12.0,"{""Navegna Lago"": 2, ""After Via dei Colli / Before Mezzaro"": 1, ""Mulino San Martino / Parco Vicolo della Roggia"": 1, ""Via Mezzaro"": 1, ""Ponte Navegna"": 1, ""Panorama, Via dei Colli"": 1}",0.6,True
domain,4,Percieved qualities (experiential dimension) -> Memory/temporality -> Percieved qualities (experiential dimension) -> Functionality,unmarked -> unmarked -> unmarked -> unmarked,1.0069444444444444,10,6,21.1,7.5,"{""Navegna Lago"": 1, ""Mulino San Martino / Parco Vicolo della Roggia"": 1, ""Via Mezzaro"": 4, ""Ponte Navegna"": 1, ""Chiesa, Via San Gottardo"": 1, ""Panorama, Via dei Colli"": 2}",0.6,True
domain,4,Percieved qualities (experiential dimension) -> Functionality -> Percieved qualities (experiential dimension) -> Percieved qualities (experiential dimension),unmarked -> unmarked -> unmarked -> unmarked,0.7372685185185185,8,6,48.25,33.5,"{""Navegna Lago"": 2, ""Simen x Paoli"": 1, ""Mulino San Martino / Parco Vicolo della Roggia"": 1, ""Via Mezzaro"": 1, ""Ponte Navegna"": 1, ""Panorama, Via dei Colli"": 2}",0.6,True
domain,4,Landscape characteristics (physical properties) -> Percieved qualities (experiential dimension) -> Landscape characteristics (physical properties) -> Memory/temporality,unmarked -> unmarked -> unmarked -> unmarked,0.5972222222222222,10,6,19.5,19.0,"{""Navegna Lago"": 2, ""After Via dei Colli / Before Mezzaro"": 1, ""Mulino San Martino / Parco Vicolo della Roggia"": 1, ""Ponte Navegna"": 2, ""Chiesa, Via San Gottardo"": 2, ""Panorama, Via dei Colli"": 2}",0.6,True
domain,4,Landscape characteristics (physical properties) -> Memory/temporality -> Landscape characteristics (physical properties) -> Percieved qualities (experiential dimension),unmarked -> unmarked -> unmarked -> unmarked,0.5817901234567902,10,6,22.8,19.5,"{""Navegna Lago"": 3, ""After Via dei Colli / Before Mezzaro"": 1, ""Via Mezzaro"": 1, ""Ponte Navegna"": 1, ""Chiesa, Via San Gottardo"": 2, ""Panorama, Via dei Colli"": 2}",0.6,True
domain,4,Percieved qualities (experiential dimension) -> Landscape characteristics (physical properties) -> Memory/temporality -> Landscape characteristics (physical properties),unmarked -> unmarked -> unmarked -> unmarked,0.4768518518518518,10,6,23.6,17.5,"{""Navegna Lago"": 2, ""After Via dei Colli / Before Mezzaro"": 1, ""Via Mezzaro"": 1, ""Ponte Navegna"": 2, ""Chiesa, Via San Gottardo"": 2, ""Panorama, Via dei Colli"": 2}",0.6,True
domain,4,Percieved qualities (experiential dimension) -> Percieved qualities (experiential dimension) -> Percieved qualities (experiential dimension) -> Landscape characteristics (physical properties),unmarked -> unmarked -> unmarked -> unmarked,2.8495370370370368,24,5,32.625,17.5,"{""Navegna Lago"": 5, ""After Via dei Colli / Before Mezzaro"": 1, ""Ponte Navegna"": 11, ""Chiesa, Via San Gottardo"": 1, ""Panorama, Via dei Colli"": 6}",0.5,True
domain,4,Memory/temporality -> Memory/temporality -> Landscape characteristics (physical properties) -> Memory/temporality,unmarked -> unmarked -> unmarked -> unmarked,2.7916666666666665,13,5,41.46153846153846,31.0,"{""Navegna Lago"": 1, ""Simen x Paoli"": 2, ""Via Mezzaro"": 1, ""Ponte Navegna"": 1, ""Chiesa, Via San Gottardo"": 8}",0.5,True
domain,4,Landscape characteristics (physical properties) -> Percieved qualities (experiential dimension) -> Percieved qualities (experiential dimension) -> Landscape characteristics (physical properties),unmarked -> unmarked -> unmarked -> unmarked,2.7337962962962963,20,5,34.65,27.5,"{""Navegna Lago"": 5, ""After Via dei Colli / Before Mezzaro"": 1, ""Ponte Navegna"": 6, ""Chiesa, Via San Gottardo"": 1, ""Panorama, Via dei Colli"": 7}",0.5,True
domain,4,Functionality -> Landscape characteristics (physical properties) -> Percieved qualities (experiential dimension) -> Percieved qualities (experiential dimension),unmarked -> unmarked -> unmarked -> unmarked,2.3425925925925926,8,5,22.625,9.5,"{""Navegna Lago"": 1, ""Simen x Paoli"": 1, ""Via Mezzaro"": 1, ""Ponte Navegna"": 4, ""Panorama, Via dei Colli"": 1}",0.5,True
domain,4,Percieved qualities (experiential dimension) -> Landscape characteristics (physical properties) -> Landscape characteristics (physical properties) -> Percieved qualities (experiential dimension),unmarked -> unmarked -> unmarked -> unmarked,2.333333333333333,19,5,34.26315789473684,12.0,"{""Navegna Lago"": 3, ""After Via dei Colli / Before Mezzaro"": 1, ""Ponte Navegna"": 8, ""Chiesa, Via San Gottardo"": 1, ""Panorama, Via dei Colli"": 6}",0.5,True
domain,4,Percieved qualities (experiential dimension) -> Percieved qualities (experiential dimension) -> Percieved qualities (experiential dimension) -> Memory/temporality,unmarked -> unmarked -> unmarked -> unmarked,2.2847222222222223,12,5,30.0,19.0,"{""Navegna Lago"": 3, ""Crocifisso"": 1, ""Ponte Navegna"": 3, ""Chiesa, Via San Gottardo"": 2, ""Panorama, Via dei Colli"": 3}",0.5,True
domain,4,Percieved qualities (experiential dimension) -> Functionality -> Functionality -> Landscape characteristics (physical properties),unmarked -> unmarked -> unmarked -> unmarked,2.0902777777777777,8,5,16.0,12.0,"{""Navegna Lago"": 1, ""Mulino San Martino / Parco Vicolo della Roggia"": 1, ""Via Mezzaro"": 3, ""Ponte Navegna"": 2, ""Chiesa, Via San Gottardo"": 1}",0.5,True
domain,4,Memory/temporality -> Memory/temporality -> Percieved qualities (experiential dimension) -> Landscape characteristics (physical properties),unmarked -> unmarked -> unmarked -> unmarked,1.8935185185185186,15,5,42.6,27.0,"{""Navegna Lago"": 1, ""Via Mezzaro"": 2, ""Ponte Navegna"": 4, ""Chiesa, Via San Gottardo"": 4, ""Panorama, Via dei Colli"": 4}",0.5,True
domain,4,Memory/temporality -> Memory/temporality -> Percieved qualities (experiential dimension) -> Percieved qualities (experiential dimension),unmarked -> unmarked -> unmarked -> unmarked,1.8611111111111112,14,5,39.142857142857146,32.0,"{""Navegna Lago"": 3, ""Simen x Paoli"": 1, ""Ponte Navegna"": 2, ""Chiesa, Via San Gottardo"": 4, ""Panorama, Via dei Colli"": 4}",0.5,True
domain,4,Percieved qualities (experiential dimension) -> Percieved qualities (experiential dimension) -> Functionality -> Functionality,unmarked -> unmarked -> unmarked -> unmarked,1.6111111111111112,6,5,11.666666666666666,11.0,"{""Navegna Lago"": 2, ""Simen x Paoli"": 1, ""Mulino San Martino / Parco Vicolo della Roggia"": 1, ""Ponte Navegna"": 1, ""Chiesa, Via San Gottardo"": 1}",0.5,True
domain,4,Landscape characteristics (physical properties) -> Landscape characteristics (physical properties) -> Percieved qualities (experiential dimension) -> Landscape characteristics (physical properties),unmarked -> unmarked -> unmarked -> unmarked,1.6018518518518519,16,5,29.25,16.5,"{""Navegna Lago"": 3, ""Mulino San Martino / Parco Vicolo della Roggia"": 1, ""Via Mezzaro"": 1, ""Ponte Navegna"": 7, ""Panorama, Via dei Colli"": 4}",0.5,True
domain,4,Memory/temporality -> Percieved qualities (experiential dimension) -> Landscape characteristics (physical properties) -> Percieved qualities (experiential dimension),unmarked -> unmarked -> unmarked -> unmarked,1.5462962962962963,13,5,35.07692307692308,28.0,"{""Navegna Lago"": 2, ""Via Mezzaro"": 2, ""Ponte Navegna"": 1, ""Chiesa, Via San Gottardo"": 3, ""Panorama, Via dei Colli"": 5}",0.5,True
domain,4,Functionality -> Functionality -> Percieved qualities (experiential dimension) -> Percieved qualities (experiential dimension),unmarked -> unmarked -> unmarked -> unmarked,1.5358796296296295,9,5,42.55555555555556,19.0,"{""Navegna Lago"": 1, ""Simen x Paoli"": 1, ""Via Mezzaro"": 3, ""Ponte Navegna"": 3, ""Panorama, Via dei Colli"": 1}",0.5,True
domain,4,Memory/temporality -> Memory/temporality -> Memory/temporality -> Percieved qualities (experiential dimension),unmarked -> unmarked -> unmarked -> unmarked,1.5138888888888888,12,5,31.0,31.5,"{""Via Mezzaro"": 1, ""Ponte Navegna"": 1, ""Chiesa, Via San Gottardo"": 8, ""Panorama, Via dei Colli"": 1, ""Scuola Elementare, Via Frizzi"": 1}",0.5,True
domain,4,Landscape characteristics (physical properties) -> Percieved qualities (experiential dimension) -> Landscape characteristics (physical properties) -> Landscape characteristics (physical properties),unmarked -> unmarked -> unmarked -> unmarked,1.5046296296296295,22,5,30.318181818181817,24.0,"{""Navegna Lago"": 4, ""After Via dei Colli / Before Mezzaro"": 1, ""Ponte Navegna"": 9, ""Chiesa, Via San Gottardo"": 1, ""Panorama, Via dei Colli"": 7}",0.5,True
domain,4,Landscape characteristics (physical properties) -> Landscape characteristics (physical properties) -> Memory/temporality -> Landscape characteristics (physical properties),unmarked -> unmarked -> unmarked -> unmarked,1.3194444444444444,10,5,22.1,16.0,"{""Navegna Lago"": 4, ""After Via dei Colli / Before Mezzaro"": 1, ""Mulino San Martino / Parco Vicolo della Roggia"": 1, ""Ponte Navegna"": 2, ""Panorama, Via dei Colli"": 2}",0.5,True
domain,4,Memory/temporality -> Memory/temporality -> Memory/temporality -> Social dimension,unmarked -> unmarked -> unmarked -> unmarked,1.3055555555555556,6,5,46.166666666666664,41.5,"{""Navegna Lago"": 1, ""Crocifisso"": 1, ""Simen x Paoli"": 1, ""Chiesa, Via San Gottardo"": 2, ""Scuola Elementare, Via Frizzi"": 1}",0.5,True
domain,4,Percieved qualities (experiential dimension) -> Percieved qualities (experiential dimension) -> Place identity -> Place identity,unmarked -> unmarked -> unmarked -> unmarked,1.199074074074074,7,5,26.857142857142858,27.0,"{""Navegna Lago"": 1, ""After Via dei Colli / Before Mezzaro"": 1, ""Via Mezzaro"": 2, ""Ponte Navegna"": 1, ""Panorama, Via dei Colli"": 2}",0.5,True
domain,4,Percieved qualities (experiential dimension) -> Percieved qualities (experiential dimension) -> Functionality -> Percieved qualities (experiential dimension),unmarked -> unmarked -> unmarked -> unmarked,1.1666666666666667,8,5,36.875,35.0,"{""Navegna Lago"": 3, ""Mulino San Martino / Parco Vicolo della Roggia"": 1, ""Ponte Navegna"": 1, ""Chiesa, Via San Gottardo"": 1, ""Panorama, Via dei Colli"": 2}",0.5,True
domain,4,Place identity -> Landscape characteristics (physical properties) -> Landscape characteristics (physical properties) -> Landscape characteristics (physical properties),unmarked -> unmarked -> unmarked -> unmarked,1.1527777777777777,11,5,32.27272727272727,21.0,"{""Navegna Lago"": 2, ""After Via dei Colli / Before Mezzaro"": 2, ""Mulino San Martino / Parco Vicolo della Roggia"": 1, ""Ponte Navegna"": 4, ""Panorama, Via dei Colli"": 2}",0.5,True
domain,4,Percieved qualities (experiential dimension) -> Landscape characteristics (physical properties) -> Place identity -> Place identity,unmarked -> unmarked -> unmarked -> unmarked,1.1435185185185186,7,5,24.285714285714285,27.0,"{""Navegna Lago"": 1, ""After Via dei Colli / Before Mezzaro"": 1, ""Via Mezzaro"": 2, ""Ponte Navegna"": 2, ""Panorama, Via dei Colli"": 1}",0.5,True
domain,4,Percieved qualities (experiential dimension) -> Landscape characteristics (physical properties) -> Landscape characteristics (physical properties) -> Memory/temporality,unmarked -> unmarked -> unmarked -> unmarked,1.125,15,5,30.733333333333334,24.0,"{""Navegna Lago"": 4, ""After Via dei Colli / Before Mezzaro"": 1, ""Ponte Navegna"": 3, ""Chiesa, Via San Gottardo"": 2, ""Panorama, Via dei Colli"": 5}",0.5,True
domain,4,Landscape characteristics (physical properties) -> Place identity -> Landscape characteristics (physical properties) -> Landscape characteristics (physical properties),unmarked -> unmarked -> unmarked -> unmarked,1.1018518518518519,10,5,27.8,22.5,"{""Navegna Lago"": 3, ""After Via dei Colli / Before Mezzaro"": 2, ""Via Mezzaro"": 1, ""Ponte Navegna"": 2, ""Panorama, Via dei Colli"": 2}",0.5,True
domain,4,Percieved qualities (experiential dimension) -> Memory/temporality -> Landscape characteristics (physical properties) -> Landscape characteristics (physical properties),unmarked -> unmarked -> unmarked -> unmarked,1.0972222222222223,10,5,32.9,11.5,"{""Navegna Lago"": 2, ""Via Mezzaro"": 1, ""Ponte Navegna"": 4, ""Chiesa, Via San Gottardo"": 2, ""Panorama, Via dei Colli"": 1}",0.5,True
domain,4,Functionality -> Percieved qualities (experiential dimension) -> Landscape characteristics (physical properties) -> Percieved qualities (experiential dimension),unmarked -> unmarked -> unmarked -> unmarked,1.087962962962963,10,5,38.1,11.5,"{""Navegna Lago"": 4, ""Simen x Paoli"": 1, ""After Via dei Colli / Before Mezzaro"": 1, ""Via Mezzaro"": 1, ""Ponte Navegna"": 3}",0.5,True
domain,4,Percieved qualities (experiential dimension) -> Landscape characteristics (physical properties) -> Memory/temporality -> Percieved qualities (experiential dimension),unmarked -> unmarked -> unmarked -> unmarked,1.0208333333333333,12,5,28.666666666666668,18.5,"{""Navegna Lago"": 1, ""Mulino San Martino / Parco Vicolo della Roggia"": 1, ""Ponte Navegna"": 4, ""Chiesa, Via San Gottardo"": 2, ""Panorama, Via dei Colli"": 4}",0.5,True
domain,4,Landscape characteristics (physical properties) -> Memory/temporality -> Memory/temporality -> Landscape characteristics (physical properties),unmarked -> unmarked -> unmarked -> unmarked,0.9791666666666666,7,5,28.142857142857142,15.0,"{""Navegna Lago"": 3, ""Via Mezzaro"": 1, ""Ponte Navegna"": 1, ""Chiesa, Via San Gottardo"": 1, ""Panorama, Via dei Colli"": 1}",0.5,True
domain,4,Landscape characteristics (physical properties) -> Memory/temporality -> Landscape characteristics (physical properties) -> Landscape characteristics (physical properties),unmarked -> unmarked -> unmarked -> unmarked,0.962962962962963,7,5,23.428571428571427,15.0,"{""Navegna Lago"": 3, ""Mulino San Martino / Parco Vicolo della Roggia"": 1, ""Ponte Navegna"": 1, ""Chiesa, Via San Gottardo"": 1, ""Panorama, Via dei Colli"": 1}",0.5,True
domain,4,Percieved qualities (experiential dimension) -> Landscape characteristics (physical properties) -> Percieved qualities (experiential dimension) -> Memory/temporality,unmarked -> unmarked -> unmarked -> unmarked,0.9583333333333334,9,5,26.666666666666668,24.0,"{""Navegna Lago"": 1, ""Via Mezzaro"": 1, ""Ponte Navegna"": 2, ""Chiesa, Via San Gottardo"": 2, ""Panorama, Via dei Colli"": 3}",0.5,True
domain,4,Landscape characteristics (physical properties) -> Memory/temporality -> Memory/temporality -> Memory/temporality,unmarked -> unmarked -> unmarked -> unmarked,0.9513888888888888,10,5,46.3,39.5,"{""Navegna Lago"": 1, ""Simen x Paoli"": 1, ""Chiesa, Via San Gottardo"": 6, ""Panorama, Via dei Colli"": 1, ""Scuola Elementare, Via Frizzi"": 1}",0.5,True
domain,4,Functionality -> Memory/temporality -> Memory/temporality -> Memory/temporality,unmarked -> unmarked -> unmarked -> unmarked,0.923611111111111,7,5,25.0,21.0,"{""Navegna Lago"": 1, ""Via Mezzaro"": 1, ""Chiesa, Via San Gottardo"": 3, ""Panorama, Via dei Colli"": 1, ""Scuola Elementare, Via Frizzi"": 1}",0.5,True
domain,4,Landscape characteristics (physical properties) -> Percieved qualities (experiential dimension) -> Percieved qualities (experiential dimension) -> Place identity,unmarked -> unmarked -> unmarked -> unmarked,0.9166666666666666,7,5,39.857142857142854,33.0,"{""Simen x Paoli"": 1, ""After Via dei Colli / Before Mezzaro"": 1, ""Via Mezzaro"": 1, ""Ponte Navegna"": 1, ""Panorama, Via dei Colli"": 3}",0.5,True
domain,4,Memory/temporality -> Memory/temporality -> Social dimension -> Percieved qualities (experiential dimension),unmarked -> unmarked -> unmarked -> unmarked,0.8819444444444444,5,5,33.4,34.0,"{""Navegna Lago"": 1, ""Crocifisso"": 1, ""Chiesa, Via San Gottardo"": 1, ""Panorama, Via dei Colli"": 1, ""Scuola Elementare, Via Frizzi"": 1}",0.5,True
domain,4,Landscape characteristics (physical properties) -> Percieved qualities (experiential dimension) -> Landscape characteristics (physical properties) -> Percieved qualities (experiential dimension),unmarked -> unmarked -> unmarked -> unmarked,0.8749999999999999,13,5,16.76923076923077,9.0,"{""After Via dei Colli / Before Mezzaro"": 1, ""Mulino San Martino / Parco Vicolo della Roggia"": 1, ""Ponte Navegna"": 6, ""Chiesa, Via San Gottardo"": 2, ""Panorama, Via dei Colli"": 3}",0.5,True
domain,4,Landscape characteristics (physical properties) -> Percieved qualities (experiential dimension) -> Memory/temporality -> Landscape characteristics (physical properties),unmarked -> unmarked -> unmarked -> unmarked,0.8634259259259259,8,5,32.0,19.5,"{""Navegna Lago"": 3, ""Via Mezzaro"": 1, ""Ponte Navegna"": 1, ""Chiesa, Via San Gottardo"": 1, ""Panorama, Via dei Colli"": 2}",0.5,True
domain,4,Landscape characteristics (physical properties) -> Functionality -> Functionality -> Percieved qualities (experiential dimension),unmarked -> unmarked -> unmarked -> unmarked,0.8333333333333333,5,5,11.4,8.0,"{""Navegna Lago"": 1, ""Via Mezzaro"": 1, ""Ponte Navegna"": 1, ""Chiesa, Via San Gottardo"": 1, ""Panorama, Via dei Colli"": 1}",0.5,True
domain,4,Percieved qualities (experiential dimension) -> Memory/temporality -> Percieved qualities (experiential dimension) -> Memory/temporality,unmarked -> unmarked -> unmarked -> unmarked,0.8263888888888888,9,5,25.0,27.0,"{""Navegna Lago"": 1, ""Via Mezzaro"": 1, ""Ponte Navegna"": 2, ""Chiesa, Via San Gottardo"": 4, ""Panorama, Via dei Colli"": 1}",0.5,True
domain,4,Percieved qualities (experiential dimension) -> Functionality -> Landscape characteristics (physical properties) -> Landscape characteristics (physical properties),unmarked -> unmarked -> unmarked -> unmarked,0.7407407407407407,10,5,29.8,23.5,"{""Navegna Lago"": 3, ""Simen x Paoli"": 1, ""Ponte Navegna"": 4, ""Chiesa, Via San Gottardo"": 1, ""Panorama, Via dei Colli"": 1}",0.5,True
domain,4,Functionality -> Functionality -> Percieved qualities (experiential dimension) -> Functionality,unmarked -> unmarked -> unmarked -> unmarked,0.7025462962962963,6,5,17.5,11.0,"{""Navegna Lago"": 1, ""Via Mezzaro"": 2, ""Ponte Navegna"": 1, ""Chiesa, Via San Gottardo"": 1, ""Panorama, Via dei Colli"": 1}",0.5,True
domain,4,Memory/temporality -> Landscape characteristics (physical properties) -> Percieved qualities (experiential dimension) -> Landscape characteristics (physical properties),unmarked -> unmarked -> unmarked -> unmarked,0.6944444444444444,12,5,28.083333333333332,18.5,"{""Navegna Lago"": 3, ""After Via dei Colli / Before Mezzaro"": 1, ""Ponte Navegna"": 3, ""Chiesa, Via San Gottardo"": 2, ""Panorama, Via dei Colli"": 3}",0.5,True
domain,4,Percieved qualities (experiential dimension) -> Memory/temporality -> Landscape characteristics (physical properties) -> Percieved qualities (experiential dimension),unmarked -> unmarked -> unmarked -> unmarked,0.6373456790123456,10,5,30.2,22.0,"{""Navegna Lago"": 1, ""Via Mezzaro"": 1, ""Ponte Navegna"": 3, ""Chiesa, Via San Gottardo"": 1, ""Panorama, Via dei Colli"": 4}",0.5,True
domain,4,Memory/temporality -> Memory/temporality -> Percieved qualities (experiential dimension) -> Functionality,unmarked -> unmarked -> unmarked -> unmarked,0.5833333333333333,6,5,21.833333333333332,13.5,"{""Navegna Lago"": 1, ""Via Mezzaro"": 2, ""Chiesa, Via San Gottardo"": 1, ""Panorama, Via dei Colli"": 1, ""Scuola Elementare, Via Frizzi"": 1}",0.5,True
domain,4,Percieved qualities (experiential dimension) -> Percieved qualities (experiential dimension) -> Memory/temporality -> Landscape characteristics (physical properties),unmarked -> unmarked -> unmarked -> unmarked,0.5347222222222222,11,5,31.454545454545453,20.0,"{""Navegna Lago"": 3, ""Via Mezzaro"": 1, ""Ponte Navegna"": 3, ""Chiesa, Via San Gottardo"": 1, ""Panorama, Via dei Colli"": 3}",0.5,True
domain,4,Landscape characteristics (physical properties) -> Memory/temporality -> Memory/temporality -> Percieved qualities (experiential dimension),unmarked -> unmarked -> unmarked -> unmarked,0.5208333333333333,9,5,39.77777777777778,32.0,"{""Navegna Lago"": 1, ""Simen x Paoli"": 1, ""After Via dei Colli / Before Mezzaro"": 1, ""Chiesa, Via San Gottardo"": 2, ""Panorama, Via dei Colli"": 4}",0.5,True
domain,4,Landscape characteristics (physical properties) -> Memory/temporality -> Landscape characteristics (physical properties) -> Memory/temporality,unmarked -> unmarked -> unmarked -> unmarked,0.4845679012345679,8,5,25.875,15.0,"{""Navegna Lago"": 2, ""Via Mezzaro"": 1, ""Ponte Navegna"": 1, ""Chiesa, Via San Gottardo"": 3, ""Panorama, Via dei Colli"": 1}",0.5,True
domain,4,Percieved qualities (experiential dimension) -> Percieved qualities (experiential dimension) -> Place identity -> Landscape characteristics (physical properties),unmarked -> unmarked -> unmarked -> unmarked,0.4074074074074074,7,5,34.714285714285715,24.0,"{""Navegna Lago"": 1, ""After Via dei Colli / Before Mezzaro"": 1, ""Via Mezzaro"": 1, ""Ponte Navegna"": 2, ""Panorama, Via dei Colli"": 2}",0.5,True
domain,4,Percieved qualities (experiential dimension) -> Place identity -> Percieved qualities (experiential dimension) -> Landscape characteristics (physical properties),unmarked -> unmarked -> unmarked -> unmarked,0.3819444444444444,8,5,36.0,20.5,"{""Navegna Lago"": 1, ""After Via dei Colli / Before Mezzaro"": 2, ""Via Mezzaro"": 1, ""Ponte Navegna"": 2, ""Panorama, Via dei Colli"": 2}",0.5,True
domain,4,Percieved qualities (experiential dimension) -> Landscape characteristics (physical properties) -> Memory/temporality -> Memory/temporality,unmarked -> unmarked -> unmarked -> unmarked,0.3611111111111111,9,5,28.11111111111111,25.0,"{""After Via dei Colli / Before Mezzaro"": 1, ""Ponte Navegna"": 1, ""Chiesa, Via San Gottardo"": 3, ""Panorama, Via dei Colli"": 3, ""Scuola Elementare, Via Frizzi"": 1}",0.5,True
domain,4,Memory/temporality -> Place identity -> Percieved qualities (experiential dimension) -> Percieved qualities (experiential dimension),unmarked -> unmarked -> unmarked -> unmarked,0.3472222222222222,5,5,27.4,20.0,"{""Navegna Lago"": 1, ""After Via dei Colli / Before Mezzaro"": 1, ""Ponte Navegna"": 1, ""Chiesa, Via San Gottardo"": 1, ""Panorama, Via dei Colli"": 1}",0.5,True
domain,4,Functionality -> Functionality -> Memory/temporality -> Place identity,unmarked -> unmarked -> unmarked -> unmarked,0.3125,5,5,28.6,21.0,"{""Navegna Lago"": 1, ""After Via dei Colli / Before Mezzaro"": 1, ""Via Mezzaro"": 1, ""Ponte Navegna"": 1, ""Panorama, Via dei Colli"": 1}",0.5,True
domain,4,Percieved qualities (experiential dimension) -> Landscape characteristics (physical properties) -> Place identity -> Landscape characteristics (physical properties),unmarked -> unmarked -> unmarked -> unmarked,0.27314814814814814,7,5,28.285714285714285,20.0,"{""Navegna Lago"": 1, ""After Via dei Colli / Before Mezzaro"": 2, ""Via Mezzaro"": 1, ""Ponte Navegna"": 2, ""Panorama, Via dei Colli"": 1}",0.5,True
domain,4,Percieved qualities (experiential dimension) -> Memory/temporality -> Landscape characteristics (physical properties) -> Memory/temporality,unmarked -> unmarked -> unmarked -> unmarked,0.2345679012345679,6,5,13.666666666666666,10.5,"{""Navegna Lago"": 1, ""Via Mezzaro"": 1, ""Ponte Navegna"": 1, ""Chiesa, Via San Gottardo"": 2, ""Panorama, Via dei Colli"": 1}",0.5,True
domain,4,Memory/temporality -> Landscape characteristics (physical properties) -> Memory/temporality -> Memory/temporality,unmarked -> unmarked -> unmarked -> unmarked,2.4305555555555554,10,4,48.9,21.0,"{""Navegna Lago"": 1, ""Simen x Paoli"": 2, ""Via Mezzaro"": 1, ""Chiesa, Via San Gottardo"": 6}",0.4,True
domain,4,Social dimension -> Functionality -> Landscape characteristics (physical properties) -> Percieved qualities (experiential dimension),unmarked -> unmarked -> unmarked -> unmarked,2.0902777777777777,6,4,19.5,17.0,"{""Navegna Lago"": 1, ""Mulino San Martino / Parco Vicolo della Roggia"": 1, ""Via Mezzaro"": 3, ""Panorama, Via dei Colli"": 1}",0.4,True
domain,4,Percieved qualities (experiential dimension) -> Memory/temporality -> Memory/temporality -> Percieved qualities (experiential dimension),unmarked -> unmarked -> unmarked -> unmarked,1.7152777777777777,13,4,34.53846153846154,27.0,"{""Navegna Lago"": 1, ""Ponte Navegna"": 4, ""Chiesa, Via San Gottardo"": 3, ""Panorama, Via dei Colli"": 5}",0.4,True
domain,4,Landscape characteristics (physical properties) -> Governance -> Landscape characteristics (physical properties) -> Landscape characteristics (physical properties),unmarked -> unmarked -> unmarked -> unmarked,1.5601851851851851,5,4,31.0,25.0,"{""Navegna Lago"": 1, ""Simen x Paoli"": 1, ""Ponte Navegna"": 2, ""Panorama, Via dei Colli"": 1}",0.4,True
domain,4,Governance -> Percieved qualities (experiential dimension) -> Landscape characteristics (physical properties) -> Landscape characteristics (physical properties),unmarked -> unmarked -> unmarked -> unmarked,1.5555555555555556,6,4,38.666666666666664,33.5,"{""Navegna Lago"": 3, ""Simen x Paoli"": 1, ""Ponte Navegna"": 1, ""Panorama, Via dei Colli"": 1}",0.4,True
domain,4,Memory/temporality -> Percieved qualities (experiential dimension) -> Landscape characteristics (physical properties) -> Landscape characteristics (physical properties),unmarked -> unmarked -> unmarked -> unmarked,1.5277777777777777,18,4,41.166666666666664,29.0,"{""Navegna Lago"": 4, ""Ponte Navegna"": 6, ""Chiesa, Via San Gottardo"": 2, ""Panorama, Via dei Colli"": 6}",0.4,True
domain,4,Percieved qualities (experiential dimension) -> Landscape characteristics (physical properties) -> Landscape characteristics (physical properties) -> Functionality,unmarked -> unmarked -> unmarked -> unmarked,1.4907407407407407,9,4,21.88888888888889,9.0,"{""Navegna Lago"": 3, ""Ponte Navegna"": 4, ""Chiesa, Via San Gottardo"": 1, ""Panorama, Via dei Colli"": 1}",0.4,True
domain,4,Percieved qualities (experiential dimension) -> Percieved qualities (experiential dimension) -> Landscape characteristics (physical properties) -> Functionality,unmarked -> unmarked -> unmarked -> unmarked,1.3958333333333333,13,4,30.46153846153846,15.0,"{""Navegna Lago"": 6, ""Ponte Navegna"": 4, ""Chiesa, Via San Gottardo"": 1, ""Panorama, Via dei Colli"": 2}",0.4,True
domain,4,Functionality -> Percieved qualities (experiential dimension) -> Percieved qualities (experiential dimension) -> Memory/temporality,unmarked -> unmarked -> unmarked -> unmarked,1.375,4,4,62.5,13.5,"{""Simen x Paoli"": 1, ""Mulino San Martino / Parco Vicolo della Roggia"": 1, ""Via Mezzaro"": 1, ""Ponte Navegna"": 1}",0.4,True
domain,4,Percieved qualities (experiential dimension) -> Functionality -> Percieved qualities (experiential dimension) -> Functionality,unmarked -> unmarked -> unmarked -> unmarked,1.3483796296296295,10,4,11.4,9.0,"{""Via Mezzaro"": 4, ""Ponte Navegna"": 2, ""Chiesa, Via San Gottardo"": 3, ""Panorama, Via dei Colli"": 1}",0.4,True
domain,4,Landscape characteristics (physical properties) -> Place identity -> Memory/temporality -> Memory/temporality,unmarked -> unmarked -> unmarked -> unmarked,1.293402777777778,6,4,25.666666666666668,21.0,"{""Simen x Paoli"": 1, ""After Via dei Colli / Before Mezzaro"": 1, ""Via Mezzaro"": 2, ""Panorama, Via dei Colli"": 2}",0.4,True
domain,4,Percieved qualities (experiential dimension) -> Landscape characteristics (physical properties) -> Functionality -> Functionality,unmarked -> unmarked -> unmarked -> unmarked,1.2847222222222223,5,4,16.4,11.0,"{""Navegna Lago"": 2, ""Via Mezzaro"": 1, ""Chiesa, Via San Gottardo"": 1, ""Panorama, Via dei Colli"": 1}",0.4,True
domain,4,Landscape characteristics (physical properties) -> Landscape characteristics (physical properties) -> Functionality -> Functionality,unmarked -> unmarked -> unmarked -> unmarked,1.25,4,4,5.25,5.0,"{""Via Mezzaro"": 1, ""Ponte Navegna"": 1, ""Chiesa, Via San Gottardo"": 1, ""Panorama, Via dei Colli"": 1}",0.4,True
domain,4,Percieved qualities (experiential dimension) -> Memory/temporality -> Percieved qualities (experiential dimension) -> Percieved qualities (experiential dimension),unmarked -> unmarked -> unmarked -> unmarked,1.2152777777777777,12,4,34.166666666666664,26.5,"{""Simen x Paoli"": 1, ""Ponte Navegna"": 4, ""Chiesa, Via San Gottardo"": 2, ""Panorama, Via dei Colli"": 5}",0.4,True
domain,4,Memory/temporality -> Percieved qualities (experiential dimension) -> Percieved qualities (experiential dimension) -> Landscape characteristics (physical properties),unmarked -> unmarked -> unmarked -> unmarked,1.2083333333333333,17,4,36.94117647058823,25.0,"{""Navegna Lago"": 3, ""Ponte Navegna"": 6, ""Chiesa, Via San Gottardo"": 2, ""Panorama, Via dei Colli"": 6}",0.4,True
domain,4,Functionality -> Memory/temporality -> Landscape characteristics (physical properties) -> Landscape characteristics (physical properties),unmarked -> unmarked -> unmarked -> unmarked,1.2013888888888888,4,4,15.0,11.5,"{""Navegna Lago"": 1, ""Crocifisso"": 1, ""After Via dei Colli / Before Mezzaro"": 1, ""Via Mezzaro"": 1}",0.4,True
domain,4,Percieved qualities (experiential dimension) -> Memory/temporality -> Memory/temporality -> Landscape characteristics (physical properties),unmarked -> unmarked -> unmarked -> unmarked,1.1944444444444444,14,4,28.714285714285715,16.0,"{""Navegna Lago"": 4, ""Ponte Navegna"": 5, ""Chiesa, Via San Gottardo"": 4, ""Panorama, Via dei Colli"": 1}",0.4,True
domain,4,Landscape characteristics (physical properties) -> Place identity -> Memory/temporality -> Percieved qualities (experiential dimension),unmarked -> unmarked -> unmarked -> unmarked,1.1805555555555556,5,4,15.4,15.0,"{""Navegna Lago"": 2, ""After Via dei Colli / Before Mezzaro"": 1, ""Mulino San Martino / Parco Vicolo della Roggia"": 1, ""Panorama, Via dei Colli"": 1}",0.4,True
domain,4,Governance -> Percieved qualities (experiential dimension) -> Percieved qualities (experiential dimension) -> Landscape characteristics (physical properties),unmarked -> unmarked -> unmarked -> unmarked,1.097222222222222,8,4,30.75,28.0,"{""Navegna Lago"": 3, ""Simen x Paoli"": 1, ""Ponte Navegna"": 1, ""Panorama, Via dei Colli"": 3}",0.4,True
domain,4,Memory/temporality -> Place identity -> Landscape characteristics (physical properties) -> Landscape characteristics (physical properties),unmarked -> unmarked -> unmarked -> unmarked,1.0625,8,4,33.75,14.5,"{""Navegna Lago"": 3, ""After Via dei Colli / Before Mezzaro"": 1, ""Mulino San Martino / Parco Vicolo della Roggia"": 1, ""Ponte Navegna"": 3}",0.4,True
domain,4,Memory/temporality -> Memory/temporality -> Percieved qualities (experiential dimension) -> Memory/temporality,unmarked -> unmarked -> unmarked -> unmarked,1.0555555555555556,12,4,22.916666666666668,25.0,"{""Navegna Lago"": 1, ""Via Mezzaro"": 2, ""Ponte Navegna"": 1, ""Chiesa, Via San Gottardo"": 8}",0.4,True
domain,4,Percieved qualities (experiential dimension) -> Landscape characteristics (physical properties) -> Functionality -> Percieved qualities (experiential dimension),unmarked -> unmarked -> unmarked -> unmarked,1.034722222222222,8,4,37.0,33.0,"{""Navegna Lago"": 5, ""Via Mezzaro"": 1, ""Ponte Navegna"": 1, ""Panorama, Via dei Colli"": 1}",0.4,True
domain,4,Place identity -> Memory/temporality -> Landscape characteristics (physical properties) -> Landscape characteristics (physical properties),unmarked -> unmarked -> unmarked -> unmarked,1.0138888888888888,6,4,12.666666666666666,11.0,"{""Navegna Lago"": 3, ""Via Mezzaro"": 1, ""Ponte Navegna"": 1, ""Panorama, Via dei Colli"": 1}",0.4,True
domain,4,Memory/temporality -> Percieved qualities (experiential dimension) -> Memory/temporality -> Percieved qualities (experiential dimension),unmarked -> unmarked -> unmarked -> unmarked,0.9814814814814814,11,4,20.818181818181817,20.0,"{""Via Mezzaro"": 2, ""Ponte Navegna"": 2, ""Chiesa, Via San Gottardo"": 5, ""Panorama, Via dei Colli"": 2}",0.4,True
domain,4,Percieved qualities (experiential dimension) -> Memory/temporality -> Functionality -> Landscape characteristics (physical properties),unmarked -> unmarked -> unmarked -> unmarked,0.9305555555555556,7,4,29.142857142857142,11.0,"{""Navegna Lago"": 2, ""Via Mezzaro"": 1, ""Ponte Navegna"": 3, ""Chiesa, Via San Gottardo"": 1}",0.4,True
domain,4,Place identity -> Landscape characteristics (physical properties) -> Place identity -> Memory/temporality,unmarked -> unmarked -> unmarked -> unmarked,0.8888888888888888,6,4,15.666666666666666,20.5,"{""Navegna Lago"": 2, ""After Via dei Colli / Before Mezzaro"": 2, ""Via Mezzaro"": 1, ""Ponte Navegna"": 1}",0.4,True
domain,4,Place identity -> Memory/temporality -> Memory/temporality -> Percieved qualities (experiential dimension),unmarked -> unmarked -> unmarked -> unmarked,0.8333333333333334,5,4,47.8,32.0,"{""After Via dei Colli / Before Mezzaro"": 1, ""Via Mezzaro"": 1, ""Ponte Navegna"": 1, ""Panorama, Via dei Colli"": 2}",0.4,True
domain,4,Functionality -> Functionality -> Landscape characteristics (physical properties) -> Percieved qualities (experiential dimension),unmarked -> unmarked -> unmarked -> unmarked,0.8310185185185185,8,4,42.375,15.5,"{""Navegna Lago"": 1, ""Simen x Paoli"": 1, ""Via Mezzaro"": 3, ""Ponte Navegna"": 3}",0.4,True
domain,4,Landscape characteristics (physical properties) -> Landscape characteristics (physical properties) -> Place identity -> Memory/temporality,unmarked -> unmarked -> unmarked -> unmarked,0.8055555555555556,8,4,17.75,16.0,"{""Navegna Lago"": 4, ""Simen x Paoli"": 1, ""After Via dei Colli / Before Mezzaro"": 2, ""Via Mezzaro"": 1}",0.4,True
domain,4,Percieved qualities (experiential dimension) -> Functionality -> Percieved qualities (experiential dimension) -> Landscape characteristics (physical properties),unmarked -> unmarked -> unmarked -> unmarked,0.8032407407407407,9,4,23.333333333333332,12.0,"{""Navegna Lago"": 3, ""After Via dei Colli / Before Mezzaro"": 1, ""Via Mezzaro"": 2, ""Ponte Navegna"": 3}",0.4,True
domain,4,Functionality -> Functionality -> Functionality -> Memory/temporality,unmarked -> unmarked -> unmarked -> unmarked,0.7986111111111112,6,4,28.5,26.5,"{""Navegna Lago"": 1, ""Via Mezzaro"": 1, ""Chiesa, Via San Gottardo"": 2, ""Panorama, Via dei Colli"": 2}",0.4,True
domain,4,Functionality -> Functionality -> Memory/temporality -> Landscape characteristics (physical properties),unmarked -> unmarked -> unmarked -> unmarked,0.75,4,4,24.0,24.0,"{""Navegna Lago"": 1, ""After Via dei Colli / Before Mezzaro"": 1, ""Via Mezzaro"": 1, ""Panorama, Via dei Colli"": 1}",0.4,True
domain,4,Percieved qualities (experiential dimension) -> Percieved qualities (experiential dimension) -> Landscape characteristics (physical properties) -> Memory/temporality,unmarked -> unmarked -> unmarked -> unmarked,0.736111111111111,11,4,25.272727272727273,24.0,"{""Navegna Lago"": 3, ""Ponte Navegna"": 3, ""Chiesa, Via San Gottardo"": 2, ""Panorama, Via dei Colli"": 3}",0.4,True
domain,4,Social dimension -> Functionality -> Percieved qualities (experiential dimension) -> Percieved qualities (experiential dimension),unmarked -> unmarked -> unmarked -> unmarked,0.7256944444444444,5,4,39.2,27.0,"{""Simen x Paoli"": 1, ""Mulino San Martino / Parco Vicolo della Roggia"": 2, ""Via Mezzaro"": 1, ""Panorama, Via dei Colli"": 1}",0.4,True
domain,4,Social dimension -> Social dimension -> Functionality -> Percieved qualities (experiential dimension),unmarked -> unmarked -> unmarked -> unmarked,0.7222222222222222,4,4,31.75,24.0,"{""Simen x Paoli"": 1, ""Mulino San Martino / Parco Vicolo della Roggia"": 1, ""Via Mezzaro"": 1, ""Panorama, Via dei Colli"": 1}",0.4,True
domain,4,Landscape characteristics (physical properties) -> Memory/temporality -> Percieved qualities (experiential dimension) -> Landscape characteristics (physical properties),unmarked -> unmarked -> unmarked -> unmarked,0.7199074074074073,10,4,36.1,16.5,"{""Navegna Lago"": 3, ""Ponte Navegna"": 4, ""Chiesa, Via San Gottardo"": 1, ""Panorama, Via dei Colli"": 2}",0.4,True
domain,4,Functionality -> Landscape characteristics (physical properties) -> Landscape characteristics (physical properties) -> Landscape characteristics (physical properties),unmarked -> unmarked -> unmarked -> unmarked,0.7037037037037037,5,4,11.8,9.0,"{""Navegna Lago"": 1, ""Simen x Paoli"": 1, ""Via Mezzaro"": 1, ""Ponte Navegna"": 2}",0.4,True
domain,4,Landscape characteristics (physical properties) -> Percieved qualities (experiential dimension) -> Landscape characteristics (physical properties) -> Functionality,unmarked -> unmarked -> unmarked -> unmarked,0.6944444444444444,9,4,32.666666666666664,23.0,"{""Navegna Lago"": 3, ""Ponte Navegna"": 3, ""Chiesa, Via San Gottardo"": 1, ""Panorama, Via dei Colli"": 2}",0.4,True
domain,4,Place identity -> Landscape characteristics (physical properties) -> Landscape characteristics (physical properties) -> Memory/temporality,unmarked -> unmarked -> unmarked -> unmarked,0.6805555555555556,7,4,12.428571428571429,11.0,"{""Navegna Lago"": 3, ""After Via dei Colli / Before Mezzaro"": 2, ""Mulino San Martino / Parco Vicolo della Roggia"": 1, ""Via Mezzaro"": 1}",0.4,True
domain,4,Place identity -> Place identity -> Landscape characteristics (physical properties) -> Landscape characteristics (physical properties),unmarked -> unmarked -> unmarked -> unmarked,0.6805555555555556,5,4,14.2,14.0,"{""Navegna Lago"": 1, ""After Via dei Colli / Before Mezzaro"": 2, ""Via Mezzaro"": 1, ""Panorama, Via dei Colli"": 1}",0.4,True
domain,4,Landscape characteristics (physical properties) -> Percieved qualities (experiential dimension) -> Memory/temporality -> Memory/temporality,unmarked -> unmarked -> unmarked -> unmarked,0.673611111111111,8,4,27.25,14.0,"{""Navegna Lago"": 2, ""Ponte Navegna"": 2, ""Chiesa, Via San Gottardo"": 2, ""Panorama, Via dei Colli"": 2}",0.4,True
domain,4,Landscape characteristics (physical properties) -> Percieved qualities (experiential dimension) -> Landscape characteristics (physical properties) -> Place identity,unmarked -> unmarked -> unmarked -> unmarked,0.6666666666666666,6,4,34.5,31.5,"{""After Via dei Colli / Before Mezzaro"": 1, ""Via Mezzaro"": 1, ""Ponte Navegna"": 2, ""Panorama, Via dei Colli"": 2}",0.4,True
domain,4,Functionality -> Social dimension -> Functionality -> Percieved qualities (experiential dimension),unmarked -> unmarked -> unmarked -> unmarked,0.6527777777777777,5,4,57.2,11.0,"{""Simen x Paoli"": 1, ""Via Mezzaro"": 2, ""Chiesa, Via San Gottardo"": 1, ""Panorama, Via dei Colli"": 1}",0.4,True
domain,4,Landscape characteristics (physical properties) -> Functionality -> Percieved qualities (experiential dimension) -> Functionality,unmarked -> unmarked -> unmarked -> unmarked,0.6284722222222222,6,4,21.5,18.5,"{""Navegna Lago"": 1, ""Via Mezzaro"": 2, ""Ponte Navegna"": 2, ""Panorama, Via dei Colli"": 1}",0.4,True
domain,4,Place identity -> Landscape characteristics (physical properties) -> Landscape characteristics (physical properties) -> Place identity,unmarked -> unmarked -> unmarked -> unmarked,0.6111111111111112,4,4,19.75,19.5,"{""Navegna Lago"": 1, ""After Via dei Colli / Before Mezzaro"": 1, ""Ponte Navegna"": 1, ""Panorama, Via dei Colli"": 1}",0.4,True
domain,4,Percieved qualities (experiential dimension) -> Place identity -> Landscape characteristics (physical properties) -> Landscape characteristics (physical properties),unmarked -> unmarked -> unmarked -> unmarked,0.611111111111111,9,4,40.77777777777778,24.0,"{""Navegna Lago"": 3, ""After Via dei Colli / Before Mezzaro"": 3, ""Ponte Navegna"": 2, ""Panorama, Via dei Colli"": 1}",0.4,True
domain,4,Functionality -> Governance -> Landscape characteristics (physical properties) -> Percieved qualities (experiential dimension),unmarked -> unmarked -> unmarked -> unmarked,0.5833333333333333,4,4,83.25,46.0,"{""Navegna Lago"": 1, ""Simen x Paoli"": 1, ""After Via dei Colli / Before Mezzaro"": 1, ""Panorama, Via dei Colli"": 1}",0.4,True
domain,4,Governance -> Percieved qualities (experiential dimension) -> Percieved qualities (experiential dimension) -> Memory/temporality,unmarked -> unmarked -> unmarked -> unmarked,0.5833333333333333,5,4,68.8,36.0,"{""Simen x Paoli"": 1, ""Via Mezzaro"": 1, ""Ponte Navegna"": 1, ""Panorama, Via dei Colli"": 2}",0.4,True
domain,4,Landscape characteristics (physical properties) -> Place identity -> Memory/temporality -> Place identity,unmarked -> unmarked -> unmarked -> unmarked,0.5711805555555556,5,4,25.6,29.0,"{""Navegna Lago"": 2, ""Simen x Paoli"": 1, ""Via Mezzaro"": 1, ""Ponte Navegna"": 1}",0.4,True
domain,4,Functionality -> Percieved qualities (experiential dimension) -> Landscape characteristics (physical properties) -> Functionality,unmarked -> unmarked -> unmarked -> unmarked,0.5694444444444444,5,4,37.0,10.0,"{""Navegna Lago"": 2, ""Via Mezzaro"": 1, ""Ponte Navegna"": 1, ""Panorama, Via dei Colli"": 1}",0.4,True
domain,4,Landscape characteristics (physical properties) -> Landscape characteristics (physical properties) -> Functionality -> Social dimension,unmarked -> unmarked -> unmarked -> unmarked,0.5625,5,4,13.2,12.0,"{""Navegna Lago"": 1, ""Ponte Navegna"": 1, ""Chiesa, Via San Gottardo"": 1, ""Panorama, Via dei Colli"": 2}",0.4,True
domain,4,Landscape characteristics (physical properties) -> Place identity -> Place identity -> Place identity,unmarked -> unmarked -> unmarked -> unmarked,0.5557484567901234,6,4,20.833333333333332,25.0,"{""Navegna Lago"": 1, ""After Via dei Colli / Before Mezzaro"": 1, ""Via Mezzaro"": 2, ""Ponte Navegna"": 2}",0.4,True
domain,4,Percieved qualities (experiential dimension) -> Landscape characteristics (physical properties) -> Landscape characteristics (physical properties) -> Place identity,unmarked -> unmarked -> unmarked -> unmarked,0.5555555555555556,8,4,26.875,16.0,"{""Navegna Lago"": 2, ""After Via dei Colli / Before Mezzaro"": 2, ""Ponte Navegna"": 3, ""Panorama, Via dei Colli"": 1}",0.4,True
domain,4,Place identity -> Percieved qualities (experiential dimension) -> Landscape characteristics (physical properties) -> Landscape characteristics (physical properties),unmarked -> unmarked -> unmarked -> unmarked,0.5555555555555556,9,4,40.666666666666664,32.0,"{""Navegna Lago"": 1, ""After Via dei Colli / Before Mezzaro"": 1, ""Ponte Navegna"": 4, ""Panorama, Via dei Colli"": 3}",0.4,True
domain,4,Percieved qualities (experiential dimension) -> Functionality -> Percieved qualities (experiential dimension) -> Memory/temporality,unmarked -> unmarked -> unmarked -> unmarked,0.5416666666666666,5,4,14.8,15.0,"{""Navegna Lago"": 1, ""Via Mezzaro"": 1, ""Chiesa, Via San Gottardo"": 1, ""Panorama, Via dei Colli"": 2}",0.4,True
domain,4,Place identity -> Landscape characteristics (physical properties) -> Place identity -> Landscape characteristics (physical properties),unmarked -> unmarked -> unmarked -> unmarked,0.5416666666666666,6,4,28.166666666666668,27.0,"{""Navegna Lago"": 1, ""After Via dei Colli / Before Mezzaro"": 2, ""Ponte Navegna"": 2, ""Panorama, Via dei Colli"": 1}",0.4,True
domain,4,Percieved qualities (experiential dimension) -> Place identity -> Memory/temporality -> Landscape characteristics (physical properties),unmarked -> unmarked -> unmarked -> unmarked,0.5393518518518519,7,4,11.857142857142858,10.0,"{""Navegna Lago"": 4, ""After Via dei Colli / Before Mezzaro"": 1, ""Via Mezzaro"": 1, ""Panorama, Via dei Colli"": 1}",0.4,True
domain,4,Landscape characteristics (physical properties) -> Functionality -> Percieved qualities (experiential dimension) -> Percieved qualities (experiential dimension),unmarked -> unmarked -> unmarked -> unmarked,0.5381944444444444,7,4,27.285714285714285,19.0,"{""Navegna Lago"": 2, ""Via Mezzaro"": 1, ""Ponte Navegna"": 2, ""Panorama, Via dei Colli"": 2}",0.4,True
domain,4,Landscape characteristics (physical properties) -> Landscape characteristics (physical properties) -> Governance -> Landscape characteristics (physical properties),unmarked -> unmarked -> unmarked -> unmarked,0.5277777777777778,4,4,32.25,27.0,"{""Navegna Lago"": 1, ""Simen x Paoli"": 1, ""Ponte Navegna"": 1, ""Panorama, Via dei Colli"": 1}",0.4,True
domain,4,Memory/temporality -> Functionality -> Functionality -> Percieved qualities (experiential dimension),unmarked -> unmarked -> unmarked -> unmarked,0.5277777777777778,5,4,62.2,54.0,"{""Navegna Lago"": 1, ""Ponte Navegna"": 1, ""Chiesa, Via San Gottardo"": 1, ""Panorama, Via dei Colli"": 2}",0.4,True
domain,4,Memory/temporality -> Percieved qualities (experiential dimension) -> Functionality -> Percieved qualities (experiential dimension),unmarked -> unmarked -> unmarked -> unmarked,0.5277777777777778,7,4,33.0,30.0,"{""Navegna Lago"": 2, ""Via Mezzaro"": 2, ""Chiesa, Via San Gottardo"": 1, ""Panorama, Via dei Colli"": 2}",0.4,True
domain,4,Social dimension -> Social dimension -> Percieved qualities (experiential dimension) -> Landscape characteristics (physical properties),unmarked -> unmarked -> unmarked -> unmarked,0.5277777777777778,4,4,29.0,28.0,"{""Navegna Lago"": 1, ""Via Mezzaro"": 1, ""Ponte Navegna"": 1, ""Panorama, Via dei Colli"": 1}",0.4,True
domain,4,Social dimension -> Social dimension -> Percieved qualities (experiential dimension) -> Percieved qualities (experiential dimension),unmarked -> unmarked -> unmarked -> unmarked,0.5277777777777778,4,4,27.5,24.0,"{""Mulino San Martino / Parco Vicolo della Roggia"": 1, ""Via Mezzaro"": 1, ""Ponte Navegna"": 1, ""Panorama, Via dei Colli"": 1}",0.4,True
domain,4,Functionality -> Memory/temporality -> Landscape characteristics (physical properties) -> Percieved qualities (experiential dimension),unmarked -> unmarked -> unmarked -> unmarked,0.5138888888888888,6,4,25.166666666666668,23.0,"{""Navegna Lago"": 3, ""After Via dei Colli / Before Mezzaro"": 1, ""Via Mezzaro"": 1, ""Panorama, Via dei Colli"": 1}",0.4,True
domain,4,Landscape characteristics (physical properties) -> Landscape characteristics (physical properties) -> Memory/temporality -> Governance,unmarked -> unmarked -> unmarked -> unmarked,0.5138888888888888,5,4,32.2,32.0,"{""Navegna Lago"": 1, ""Simen x Paoli"": 1, ""Ponte Navegna"": 1, ""Panorama, Via dei Colli"": 2}",0.4,True
domain,4,Landscape characteristics (physical properties) -> Percieved qualities (experiential dimension) -> Functionality -> Percieved qualities (experiential dimension),unmarked -> unmarked -> unmarked -> unmarked,0.4976851851851852,6,4,18.0,6.0,"{""Navegna Lago"": 1, ""Via Mezzaro"": 1, ""Ponte Navegna"": 3, ""Chiesa, Via San Gottardo"": 1}",0.4,True
domain,4,Place identity -> Place identity -> Place identity -> Landscape characteristics (physical properties),unmarked -> unmarked -> unmarked -> unmarked,0.4930555555555556,5,4,18.0,20.0,"{""Navegna Lago"": 1, ""After Via dei Colli / Before Mezzaro"": 2, ""Via Mezzaro"": 1, ""Ponte Navegna"": 1}",0.4,True
domain,4,Governance -> Landscape characteristics (physical properties) -> Percieved qualities (experiential dimension) -> Percieved qualities (experiential dimension),unmarked -> unmarked -> unmarked -> unmarked,0.4861111111111111,6,4,41.666666666666664,35.5,"{""Navegna Lago"": 2, ""Simen x Paoli"": 1, ""After Via dei Colli / Before Mezzaro"": 1, ""Panorama, Via dei Colli"": 2}",0.4,True
domain,4,Percieved qualities (experiential dimension) -> Landscape characteristics (physical properties) -> Landscape characteristics (physical properties) -> Governance,unmarked -> unmarked -> unmarked -> unmarked,0.4861111111111111,4,4,26.75,32.0,"{""Navegna Lago"": 1, ""Simen x Paoli"": 1, ""Ponte Navegna"": 1, ""Panorama, Via dei Colli"": 1}",0.4,True
domain,4,Place identity -> Percieved qualities (experiential dimension) -> Percieved qualities (experiential dimension) -> Memory/temporality,unmarked -> unmarked -> unmarked -> unmarked,0.4861111111111111,7,4,25.571428571428573,24.0,"{""Navegna Lago"": 2, ""Ponte Navegna"": 3, ""Chiesa, Via San Gottardo"": 1, ""Panorama, Via dei Colli"": 1}",0.4,True
domain,4,Percieved qualities (experiential dimension) -> Percieved qualities (experiential dimension) -> Place identity -> Percieved qualities (experiential dimension),unmarked -> unmarked -> unmarked -> unmarked,0.48148148148148145,5,4,32.4,20.0,"{""Simen x Paoli"": 1, ""After Via dei Colli / Before Mezzaro"": 1, ""Ponte Navegna"": 1, ""Panorama, Via dei Colli"": 2}",0.4,True
domain,4,Percieved qualities (experiential dimension) -> Percieved qualities (experiential dimension) -> Landscape characteristics (physical properties) -> Place identity,unmarked -> unmarked -> unmarked -> unmarked,0.46759259259259256,7,4,35.142857142857146,30.0,"{""Navegna Lago"": 1, ""After Via dei Colli / Before Mezzaro"": 1, ""Ponte Navegna"": 3, ""Panorama, Via dei Colli"": 2}",0.4,True
domain,4,Percieved qualities (experiential dimension) -> Place identity -> Place identity -> Landscape characteristics (physical properties),unmarked -> unmarked -> unmarked -> unmarked,0.46296296296296297,6,4,11.5,11.0,"{""Navegna Lago"": 1, ""After Via dei Colli / Before Mezzaro"": 2, ""Via Mezzaro"": 2, ""Panorama, Via dei Colli"": 1}",0.4,True
domain,4,Place identity -> Governance -> Functionality -> Percieved qualities (experiential dimension),unmarked -> unmarked -> unmarked -> unmarked,0.4611111111111111,4,4,57.75,55.5,"{""Navegna Lago"": 1, ""Via Mezzaro"": 1, ""Ponte Navegna"": 1, ""Panorama, Via dei Colli"": 1}",0.4,True
domain,4,Place identity -> Percieved qualities (experiential dimension) -> Percieved qualities (experiential dimension) -> Landscape characteristics (physical properties),unmarked -> unmarked -> unmarked -> unmarked,0.4583333333333333,7,4,22.857142857142858,22.0,"{""Navegna Lago"": 1, ""After Via dei Colli / Before Mezzaro"": 1, ""Ponte Navegna"": 3, ""Panorama, Via dei Colli"": 2}",0.4,True
domain,4,Percieved qualities (experiential dimension) -> Landscape characteristics (physical properties) -> Functionality -> Landscape characteristics (physical properties),unmarked -> unmarked -> unmarked -> unmarked,0.45138888888888884,5,4,31.8,15.0,"{""Navegna Lago"": 1, ""Via Mezzaro"": 1, ""Ponte Navegna"": 2, ""Panorama, Via dei Colli"": 1}",0.4,True
domain,4,Memory/temporality -> Landscape characteristics (physical properties) -> Memory/temporality -> Landscape characteristics (physical properties),unmarked -> unmarked -> unmarked -> unmarked,0.4444444444444444,6,4,37.5,21.0,"{""Navegna Lago"": 1, ""Ponte Navegna"": 1, ""Chiesa, Via San Gottardo"": 3, ""Panorama, Via dei Colli"": 1}",0.4,True
domain,4,Place identity -> Percieved qualities (experiential dimension) -> Percieved qualities (experiential dimension) -> Percieved qualities (experiential dimension),unmarked -> unmarked -> unmarked -> unmarked,0.4444444444444444,7,4,27.142857142857142,22.0,"{""Navegna Lago"": 1, ""After Via dei Colli / Before Mezzaro"": 1, ""Ponte Navegna"": 3, ""Panorama, Via dei Colli"": 2}",0.4,True
domain,4,Percieved qualities (experiential dimension) -> Landscape characteristics (physical properties) -> Governance -> Landscape characteristics (physical properties),unmarked -> unmarked -> unmarked -> unmarked,0.4351851851851851,4,4,21.5,19.0,"{""Navegna Lago"": 1, ""Simen x Paoli"": 1, ""Via Mezzaro"": 1, ""Ponte Navegna"": 1}",0.4,True
domain,4,Place identity -> Landscape characteristics (physical properties) -> Percieved qualities (experiential dimension) -> Percieved qualities (experiential dimension),unmarked -> unmarked -> unmarked -> unmarked,0.4305555555555556,4,4,28.75,15.5,"{""Navegna Lago"": 1, ""After Via dei Colli / Before Mezzaro"": 1, ""Mulino San Martino / Parco Vicolo della Roggia"": 1, ""Ponte Navegna"": 1}",0.4,True
domain,4,Percieved qualities (experiential dimension) -> Percieved qualities (experiential dimension) -> Percieved qualities (experiential dimension) -> Place identity,unmarked -> unmarked -> unmarked -> unmarked,0.42592592592592593,7,4,37.42857142857143,30.0,"{""Navegna Lago"": 1, ""After Via dei Colli / Before Mezzaro"": 1, ""Ponte Navegna"": 2, ""Panorama, Via dei Colli"": 3}",0.4,True
domain,4,Percieved qualities (experiential dimension) -> Landscape characteristics (physical properties) -> Percieved qualities (experiential dimension) -> Functionality,unmarked -> unmarked -> unmarked -> unmarked,0.4212962962962963,8,4,27.25,11.0,"{""Navegna Lago"": 3, ""Via Mezzaro"": 1, ""Ponte Navegna"": 3, ""Chiesa, Via San Gottardo"": 1}",0.4,True
domain,4,Place identity -> Landscape characteristics (physical properties) -> Memory/temporality -> Percieved qualities (experiential dimension),unmarked -> unmarked -> unmarked -> unmarked,0.4166666666666667,4,4,48.0,53.0,"{""Navegna Lago"": 1, ""After Via dei Colli / Before Mezzaro"": 1, ""Mulino San Martino / Parco Vicolo della Roggia"": 1, ""Panorama, Via dei Colli"": 1}",0.4,True
domain,4,Memory/temporality -> Social dimension -> Percieved qualities (experiential dimension) -> Landscape characteristics (physical properties),unmarked -> unmarked -> unmarked -> unmarked,0.41666666666666663,4,4,39.5,20.0,"{""Navegna Lago"": 1, ""Via Mezzaro"": 1, ""Chiesa, Via San Gottardo"": 1, ""Panorama, Via dei Colli"": 1}",0.4,True
domain,4,Percieved qualities (experiential dimension) -> Place identity -> Place identity -> Place identity,unmarked -> unmarked -> unmarked -> unmarked,0.40065586419753085,7,4,15.0,12.0,"{""Navegna Lago"": 1, ""After Via dei Colli / Before Mezzaro"": 1, ""Via Mezzaro"": 4, ""Ponte Navegna"": 1}",0.4,True
domain,4,Memory/temporality -> Memory/temporality -> Functionality -> Percieved qualities (experiential dimension),unmarked -> unmarked -> unmarked -> unmarked,0.3888888888888889,5,4,22.0,7.0,"{""Navegna Lago"": 2, ""Via Mezzaro"": 1, ""Chiesa, Via San Gottardo"": 1, ""Panorama, Via dei Colli"": 1}",0.4,True
domain,4,Percieved qualities (experiential dimension) -> Landscape characteristics (physical properties) -> Memory/temporality -> Functionality,unmarked -> unmarked -> unmarked -> unmarked,0.3888888888888889,5,4,29.2,25.0,"{""Navegna Lago"": 1, ""Ponte Navegna"": 1, ""Chiesa, Via San Gottardo"": 2, ""Panorama, Via dei Colli"": 1}",0.4,True
domain,4,Percieved qualities (experiential dimension) -> Governance -> Percieved qualities (experiential dimension) -> Percieved qualities (experiential dimension),unmarked -> unmarked -> unmarked -> unmarked,0.37777777777777777,5,4,47.2,26.0,"{""Navegna Lago"": 2, ""Simen x Paoli"": 1, ""Via Mezzaro"": 1, ""Panorama, Via dei Colli"": 1}",0.4,True
domain,4,Memory/temporality -> Landscape characteristics (physical properties) -> Functionality -> Functionality,unmarked -> unmarked -> unmarked -> unmarked,0.375,5,4,16.2,7.0,"{""Navegna Lago"": 1, ""Via Mezzaro"": 1, ""Ponte Navegna"": 1, ""Chiesa, Via San Gottardo"": 2}",0.4,True
domain,4,Percieved qualities (experiential dimension) -> Memory/temporality -> Landscape characteristics (physical properties) -> Functionality,unmarked -> unmarked -> unmarked -> unmarked,0.3680555555555556,5,4,35.6,15.0,"{""Navegna Lago"": 1, ""Ponte Navegna"": 1, ""Chiesa, Via San Gottardo"": 2, ""Panorama, Via dei Colli"": 1}",0.4,True
domain,4,Place identity -> Landscape characteristics (physical properties) -> Landscape characteristics (physical properties) -> Functionality,unmarked -> unmarked -> unmarked -> unmarked,0.3611111111111111,4,4,18.5,13.0,"{""Navegna Lago"": 1, ""Via Mezzaro"": 1, ""Ponte Navegna"": 1, ""Panorama, Via dei Colli"": 1}",0.4,True
domain,4,Memory/temporality -> Social dimension -> Percieved qualities (experiential dimension) -> Social dimension,unmarked -> unmarked -> unmarked -> unmarked,0.3576388888888889,4,4,27.25,17.5,"{""Via Mezzaro"": 1, ""Chiesa, Via San Gottardo"": 1, ""Panorama, Via dei Colli"": 1, ""Scuola Elementare, Via Frizzi"": 1}",0.4,True
domain,4,Functionality -> Percieved qualities (experiential dimension) -> Percieved qualities (experiential dimension) -> Functionality,unmarked -> unmarked -> unmarked -> unmarked,0.3368055555555555,4,4,58.0,39.5,"{""Navegna Lago"": 1, ""Mulino San Martino / Parco Vicolo della Roggia"": 1, ""Ponte Navegna"": 1, ""Panorama, Via dei Colli"": 1}",0.4,True
domain,4,Percieved qualities (experiential dimension) -> Memory/temporality -> Memory/temporality -> Functionality,unmarked -> unmarked -> unmarked -> unmarked,0.3333333333333333,7,4,28.857142857142858,8.0,"{""Navegna Lago"": 3, ""Ponte Navegna"": 1, ""Chiesa, Via San Gottardo"": 2, ""Panorama, Via dei Colli"": 1}",0.4,True
domain,4,Percieved qualities (experiential dimension) -> Percieved qualities (experiential dimension) -> Memory/temporality -> Functionality,unmarked -> unmarked -> unmarked -> unmarked,0.32638888888888884,7,4,31.428571428571427,9.0,"{""Navegna Lago"": 3, ""Ponte Navegna"": 2, ""Chiesa, Via San Gottardo"": 1, ""Panorama, Via dei Colli"": 1}",0.4,True
domain,4,Memory/temporality -> Landscape characteristics (physical properties) -> Percieved qualities (experiential dimension) -> Social dimension,unmarked -> unmarked -> unmarked -> unmarked,0.32175925925925924,5,4,23.0,6.0,"{""Navegna Lago"": 1, ""Via Mezzaro"": 2, ""Ponte Navegna"": 1, ""Panorama, Via dei Colli"": 1}",0.4,True
domain,4,Memory/temporality -> Landscape characteristics (physical properties) -> Percieved qualities (experiential dimension) -> Functionality,unmarked -> unmarked -> unmarked -> unmarked,0.3194444444444444,5,4,16.4,7.0,"{""Navegna Lago"": 1, ""Via Mezzaro"": 1, ""Ponte Navegna"": 2, ""Chiesa, Via San Gottardo"": 1}",0.4,True
domain,4,Percieved qualities (experiential dimension) -> Place identity -> Landscape characteristics (physical properties) -> Place identity,unmarked -> unmarked -> unmarked -> unmarked,0.3057484567901234,7,4,14.428571428571429,8.0,"{""Navegna Lago"": 1, ""After Via dei Colli / Before Mezzaro"": 2, ""Via Mezzaro"": 2, ""Ponte Navegna"": 2}",0.4,True
domain,4,Landscape characteristics (physical properties) -> Functionality -> Memory/temporality -> Social dimension,unmarked -> unmarked -> unmarked -> unmarked,0.29166666666666663,4,4,36.0,30.0,"{""Navegna Lago"": 1, ""Simen x Paoli"": 1, ""Chiesa, Via San Gottardo"": 1, ""Panorama, Via dei Colli"": 1}",0.4,True
domain,4,Percieved qualities (experiential dimension) -> Memory/temporality -> Place identity -> Percieved qualities (experiential dimension),unmarked -> unmarked -> unmarked -> unmarked,0.2901234567901234,4,4,21.75,17.5,"{""Simen x Paoli"": 1, ""Via Mezzaro"": 1, ""Ponte Navegna"": 1, ""Panorama, Via dei Colli"": 1}",0.4,True
domain,4,Landscape characteristics (physical properties) -> Place identity -> Landscape characteristics (physical properties) -> Percieved qualities (experiential dimension),unmarked -> unmarked -> unmarked -> unmarked,0.28086419753086417,4,4,16.0,13.0,"{""After Via dei Colli / Before Mezzaro"": 1, ""Mulino San Martino / Parco Vicolo della Roggia"": 1, ""Via Mezzaro"": 1, ""Ponte Navegna"": 1}",0.4,True
domain,4,Percieved qualities (experiential dimension) -> Percieved qualities (experiential dimension) -> Governance -> Percieved qualities (experiential dimension),unmarked -> unmarked -> unmarked -> unmarked,0.28009259259259256,5,4,38.4,36.0,"{""Navegna Lago"": 2, ""Mulino San Martino / Parco Vicolo della Roggia"": 1, ""Ponte Navegna"": 1, ""Panorama, Via dei Colli"": 1}",0.4,True
domain,4,Memory/temporality -> Memory/temporality -> Landscape characteristics (physical properties) -> Functionality,unmarked -> unmarked -> unmarked -> unmarked,0.24305555555555555,4,4,39.5,32.0,"{""Navegna Lago"": 1, ""Via Mezzaro"": 1, ""Chiesa, Via San Gottardo"": 1, ""Panorama, Via dei Colli"": 1}",0.4,True
domain,4,Place identity -> Percieved qualities (experiential dimension) -> Landscape characteristics (physical properties) -> Memory/temporality,unmarked -> unmarked -> unmarked -> unmarked,0.2361111111111111,5,4,16.8,21.0,"{""Navegna Lago"": 2, ""After Via dei Colli / Before Mezzaro"": 1, ""Ponte Navegna"": 1, ""Panorama, Via dei Colli"": 1}",0.4,True
domain,4,Memory/temporality -> Percieved qualities (experiential dimension) -> Place identity -> Percieved qualities (experiential dimension),unmarked -> unmarked -> unmarked -> unmarked,0.2349537037037037,4,4,30.5,20.5,"{""Simen x Paoli"": 1, ""Via Mezzaro"": 1, ""Ponte Navegna"": 1, ""Panorama, Via dei Colli"": 1}",0.4,True
domain,4,Percieved qualities (experiential dimension) -> Place identity -> Percieved qualities (experiential dimension) -> Place identity,unmarked -> unmarked -> unmarked -> unmarked,0.23090277777777776,6,4,11.333333333333334,7.0,"{""Navegna Lago"": 1, ""After Via dei Colli / Before Mezzaro"": 2, ""Via Mezzaro"": 2, ""Ponte Navegna"": 1}",0.4,True
domain,4,Functionality -> Functionality -> Memory/temporality -> Percieved qualities (experiential dimension),unmarked -> unmarked -> unmarked -> unmarked,0.22916666666666666,4,4,31.0,25.5,"{""Navegna Lago"": 1, ""Via Mezzaro"": 1, ""Ponte Navegna"": 1, ""Panorama, Via dei Colli"": 1}",0.4,True
domain,4,Memory/temporality -> Place identity -> Percieved qualities (experiential dimension) -> Landscape characteristics (physical properties),unmarked -> unmarked -> unmarked -> unmarked,0.2222222222222222,5,4,50.0,30.0,"{""Navegna Lago"": 1, ""After Via dei Colli / Before Mezzaro"": 1, ""Ponte Navegna"": 2, ""Panorama, Via dei Colli"": 1}",0.4,True
domain,4,Functionality -> Social dimension -> Percieved qualities (experiential dimension) -> Percieved qualities (experiential dimension),unmarked -> unmarked -> unmarked -> unmarked,0.21296296296296297,4,4,16.0,13.5,"{""Navegna Lago"": 1, ""Via Mezzaro"": 1, ""Ponte Navegna"": 1, ""Panorama, Via dei Colli"": 1}",0.4,True
domain,4,Percieved qualities (experiential dimension) -> Landscape characteristics (physical properties) -> Social dimension -> Percieved qualities (experiential dimension),unmarked -> unmarked -> unmarked -> unmarked,0.16666666666666666,4,4,36.75,33.5,"{""Navegna Lago"": 1, ""Via Mezzaro"": 1, ""Chiesa, Via San Gottardo"": 1, ""Panorama, Via dei Colli"": 1}",0.4,True
domain,4,Landscape characteristics (physical properties) -> Memory/temporality -> Governance -> Percieved qualities (experiential dimension),unmarked -> unmarked -> unmarked -> unmarked,0.16512345679012344,4,4,22.25,12.0,"{""Navegna Lago"": 1, ""Via Mezzaro"": 1, ""Ponte Navegna"": 1, ""Panorama, Via dei Colli"": 1}",0.4,True
domain,4,Landscape characteristics (physical properties) -> Governance -> Percieved qualities (experiential dimension) -> Place identity,unmarked -> unmarked -> unmarked -> unmarked,0.1591435185185185,4,4,31.5,27.0,"{""Navegna Lago"": 1, ""Via Mezzaro"": 1, ""Ponte Navegna"": 1, ""Panorama, Via dei Colli"": 1}",0.4,True
domain,4,Landscape characteristics (physical properties) -> Memory/temporality -> Memory/temporality -> Place identity,unmarked -> unmarked -> unmarked -> unmarked,1.9583333333333333,5,3,51.0,39.0,"{""Simen x Paoli"": 3, ""Via Mezzaro"": 1, ""Chiesa, Via San Gottardo"": 1}",0.3,True
domain,4,Memory/temporality -> Memory/temporality -> Place identity -> Memory/temporality,unmarked -> unmarked -> unmarked -> unmarked,1.75,3,3,43.0,39.0,"{""Simen x Paoli"": 1, ""Via Mezzaro"": 1, ""Chiesa, Via San Gottardo"": 1}",0.3,True
domain,4,Percieved qualities (experiential dimension) -> Percieved qualities (experiential dimension) -> Memory/temporality -> Governance,unmarked -> unmarked -> unmarked -> unmarked,1.6851851851851853,4,3,72.75,22.5,"{""Navegna Lago"": 1, ""Simen x Paoli"": 1, ""Via Mezzaro"": 2}",0.3,True
domain,4,Functionality -> Percieved qualities (experiential dimension) -> Percieved qualities (experiential dimension) -> Percieved qualities (experiential dimension),unmarked -> unmarked -> unmarked -> unmarked,1.521990740740741,8,3,34.0,21.5,"{""Navegna Lago"": 1, ""Ponte Navegna"": 5, ""Panorama, Via dei Colli"": 2}",0.3,True
domain,4,Landscape characteristics (physical properties) -> Landscape characteristics (physical properties) -> Place identity -> Governance,unmarked -> unmarked -> unmarked -> unmarked,1.3229166666666667,4,3,48.5,33.0,"{""Navegna Lago"": 1, ""Simen x Paoli"": 1, ""Panorama, Via dei Colli"": 2}",0.3,True
domain,4,Landscape characteristics (physical properties) -> Landscape characteristics (physical properties) -> Percieved qualities (experiential dimension) -> Functionality,unmarked -> unmarked -> unmarked -> unmarked,1.3194444444444444,6,3,35.666666666666664,19.0,"{""Navegna Lago"": 2, ""Ponte Navegna"": 3, ""Chiesa, Via San Gottardo"": 1}",0.3,True
domain,4,Functionality -> Percieved qualities (experiential dimension) -> Memory/temporality -> Memory/temporality,unmarked -> unmarked -> unmarked -> unmarked,1.1458333333333333,5,3,11.0,8.0,"{""Navegna Lago"": 2, ""Ponte Navegna"": 1, ""Panorama, Via dei Colli"": 2}",0.3,True
domain,4,Functionality -> Functionality -> Landscape characteristics (physical properties) -> Landscape characteristics (physical properties),unmarked -> unmarked -> unmarked -> unmarked,1.074074074074074,4,3,8.75,10.0,"{""Mulino San Martino / Parco Vicolo della Roggia"": 1, ""Ponte Navegna"": 2, ""Panorama, Via dei Colli"": 1}",0.3,True
domain,4,Landscape characteristics (physical properties) -> Percieved qualities (experiential dimension) -> Percieved qualities (experiential dimension) -> Functionality,unmarked -> unmarked -> unmarked -> unmarked,1.0729166666666667,8,3,36.375,29.5,"{""Navegna Lago"": 3, ""Ponte Navegna"": 2, ""Panorama, Via dei Colli"": 3}",0.3,True
domain,4,Functionality -> Landscape characteristics (physical properties) -> Landscape characteristics (physical properties) -> Percieved qualities (experiential dimension),unmarked -> unmarked -> unmarked -> unmarked,1.0648148148148149,7,3,17.142857142857142,9.0,"{""Navegna Lago"": 2, ""Ponte Navegna"": 4, ""Panorama, Via dei Colli"": 1}",0.3,True
domain,4,Social dimension -> Memory/temporality -> Memory/temporality -> Landscape characteristics (physical properties),unmarked -> unmarked -> unmarked -> unmarked,1.0416666666666667,3,3,26.333333333333332,12.0,"{""Simen x Paoli"": 1, ""Via Mezzaro"": 1, ""Chiesa, Via San Gottardo"": 1}",0.3,True
domain,4,Governance -> Landscape characteristics (physical properties) -> Landscape characteristics (physical properties) -> Landscape characteristics (physical properties),unmarked -> unmarked -> unmarked -> unmarked,1.0277777777777777,3,3,15.0,18.0,"{""Navegna Lago"": 1, ""Simen x Paoli"": 1, ""After Via dei Colli / Before Mezzaro"": 1}",0.3,True
domain,4,Functionality -> Percieved qualities (experiential dimension) -> Functionality -> Landscape characteristics (physical properties),unmarked -> unmarked -> unmarked -> unmarked,1.0185185185185186,4,3,12.75,10.5,"{""Via Mezzaro"": 1, ""Ponte Navegna"": 2, ""Chiesa, Via San Gottardo"": 1}",0.3,True
domain,4,Functionality -> Social dimension -> Landscape characteristics (physical properties) -> Landscape characteristics (physical properties),unmarked -> unmarked -> unmarked -> unmarked,1.0185185185185186,3,3,8.666666666666666,4.0,"{""Ponte Navegna"": 1, ""Panorama, Via dei Colli"": 1, ""Scuola Elementare, Via Frizzi"": 1}",0.3,True
domain,4,Governance -> Governance -> Percieved qualities (experiential dimension) -> Landscape characteristics (physical properties),unmarked -> unmarked -> unmarked -> unmarked,0.975,6,3,29.833333333333332,23.5,"{""Navegna Lago"": 3, ""Ponte Navegna"": 1, ""Panorama, Via dei Colli"": 2}",0.3,True
domain,4,Social dimension -> Social dimension -> Social dimension -> Percieved qualities (experiential dimension),unmarked -> unmarked -> unmarked -> unmarked,0.9444444444444444,5,3,27.6,26.0,"{""Simen x Paoli"": 1, ""Ponte Navegna"": 1, ""Panorama, Via dei Colli"": 3}",0.3,True
domain,4,Landscape characteristics (physical properties) -> Memory/temporality -> Place identity -> Memory/temporality,unmarked -> unmarked -> unmarked -> unmarked,0.9290123456790123,4,3,30.5,19.0,"{""Simen x Paoli"": 2, ""Via Mezzaro"": 1, ""Ponte Navegna"": 1}",0.3,True
domain,4,Landscape characteristics (physical properties) -> Place identity -> Landscape characteristics (physical properties) -> Place identity,unmarked -> unmarked -> unmarked -> unmarked,0.9168595679012346,7,3,20.142857142857142,21.0,"{""After Via dei Colli / Before Mezzaro"": 1, ""Via Mezzaro"": 3, ""Ponte Navegna"": 3}",0.3,True
domain,4,Functionality -> Social dimension -> Social dimension -> Social dimension,unmarked -> unmarked -> unmarked -> unmarked,0.9166666666666666,3,3,18.333333333333332,18.0,"{""Simen x Paoli"": 1, ""Mulino San Martino / Parco Vicolo della Roggia"": 1, ""Panorama, Via dei Colli"": 1}",0.3,True
domain,4,Landscape characteristics (physical properties) -> Percieved qualities (experiential dimension) -> Governance -> Percieved qualities (experiential dimension),unmarked -> unmarked -> unmarked -> unmarked,0.9166666666666666,4,3,18.75,17.5,"{""Navegna Lago"": 2, ""Via Mezzaro"": 1, ""Ponte Navegna"": 1}",0.3,True
domain,4,Functionality -> Percieved qualities (experiential dimension) -> Percieved qualities (experiential dimension) -> Landscape characteristics (physical properties),unmarked -> unmarked -> unmarked -> unmarked,0.9074074074074074,6,3,16.333333333333332,9.0,"{""Navegna Lago"": 2, ""Via Mezzaro"": 1, ""Ponte Navegna"": 3}",0.3,True
domain,4,Percieved qualities (experiential dimension) -> Functionality -> Landscape characteristics (physical properties) -> Percieved qualities (experiential dimension),unmarked -> unmarked -> unmarked -> unmarked,0.9074074074074074,5,3,29.2,8.0,"{""Navegna Lago"": 1, ""Via Mezzaro"": 1, ""Ponte Navegna"": 3}",0.3,True
domain,4,Functionality -> Functionality -> Functionality -> Percieved qualities (experiential dimension),unmarked -> unmarked -> unmarked -> unmarked,0.8819444444444444,5,3,67.0,30.0,"{""Navegna Lago"": 1, ""Simen x Paoli"": 1, ""Via Mezzaro"": 3}",0.3,True
domain,4,Landscape characteristics (physical properties) -> Memory/temporality -> Governance -> Governance,unmarked -> unmarked -> unmarked -> unmarked,0.8796296296296297,5,3,47.8,57.0,"{""Navegna Lago"": 2, ""Simen x Paoli"": 1, ""Panorama, Via dei Colli"": 2}",0.3,True
domain,4,Governance -> Memory/temporality -> Memory/temporality -> Landscape characteristics (physical properties),unmarked -> unmarked -> unmarked -> unmarked,0.8333333333333334,4,3,58.0,35.5,"{""Navegna Lago"": 2, ""Simen x Paoli"": 1, ""Ponte Navegna"": 1}",0.3,True
domain,4,Functionality -> Functionality -> Percieved qualities (experiential dimension) -> Memory/temporality,unmarked -> unmarked -> unmarked -> unmarked,0.8194444444444445,4,3,31.25,31.0,"{""Navegna Lago"": 1, ""Ponte Navegna"": 1, ""Panorama, Via dei Colli"": 2}",0.3,True
domain,4,Percieved qualities (experiential dimension) -> Memory/temporality -> Percieved qualities (experiential dimension) -> Social dimension,unmarked -> unmarked -> unmarked -> unmarked,0.8125,6,3,33.833333333333336,33.0,"{""Mulino San Martino / Parco Vicolo della Roggia"": 1, ""Via Mezzaro"": 3, ""Panorama, Via dei Colli"": 2}",0.3,True
domain,4,Percieved qualities (experiential dimension) -> Functionality -> Social dimension -> Landscape characteristics (physical properties),unmarked -> unmarked -> unmarked -> unmarked,0.8055555555555556,3,3,9.666666666666666,8.0,"{""Via Mezzaro"": 1, ""Panorama, Via dei Colli"": 1, ""Scuola Elementare, Via Frizzi"": 1}",0.3,True
domain,4,Place identity -> Memory/temporality -> Place identity -> Functionality,unmarked -> unmarked -> unmarked -> unmarked,0.7916666666666666,5,3,10.2,6.0,"{""Simen x Paoli"": 1, ""Via Mezzaro"": 3, ""Ponte Navegna"": 1}",0.3,True
domain,4,Percieved qualities (experiential dimension) -> Governance -> Percieved qualities (experiential dimension) -> Landscape characteristics (physical properties),unmarked -> unmarked -> unmarked -> unmarked,0.7666666666666666,5,3,36.0,26.0,"{""Navegna Lago"": 3, ""Via Mezzaro"": 1, ""Panorama, Via dei Colli"": 1}",0.3,True
domain,4,Percieved qualities (experiential dimension) -> Place identity -> Memory/temporality -> Place identity,unmarked -> unmarked -> unmarked -> unmarked,0.7563657407407407,5,3,11.4,6.0,"{""Navegna Lago"": 2, ""Simen x Paoli"": 1, ""Via Mezzaro"": 2}",0.3,True
domain,4,Functionality -> Memory/temporality -> Social dimension -> Percieved qualities (experiential dimension),unmarked -> unmarked -> unmarked -> unmarked,0.75,4,3,17.75,11.0,"{""Navegna Lago"": 1, ""Crocifisso"": 1, ""Via Mezzaro"": 2}",0.3,True
domain,4,Governance -> Governance -> Percieved qualities (experiential dimension) -> Percieved qualities (experiential dimension),unmarked -> unmarked -> unmarked -> unmarked,0.7388888888888889,5,3,51.4,26.0,"{""Navegna Lago"": 3, ""Simen x Paoli"": 1, ""Panorama, Via dei Colli"": 1}",0.3,True
domain,4,Place identity -> Percieved qualities (experiential dimension) -> Functionality -> Functionality,unmarked -> unmarked -> unmarked -> unmarked,0.7291666666666666,4,3,24.75,24.5,"{""Simen x Paoli"": 1, ""Via Mezzaro"": 2, ""Panorama, Via dei Colli"": 1}",0.3,True
domain,4,Place identity -> Place identity -> Functionality -> Functionality,unmarked -> unmarked -> unmarked -> unmarked,0.7291666666666666,5,3,17.6,20.0,"{""Via Mezzaro"": 3, ""Ponte Navegna"": 1, ""Panorama, Via dei Colli"": 1}",0.3,True
domain,4,Landscape characteristics (physical properties) -> Place identity -> Memory/temporality -> Landscape characteristics (physical properties),unmarked -> unmarked -> unmarked -> unmarked,0.7083333333333334,6,3,12.333333333333334,11.0,"{""Navegna Lago"": 4, ""After Via dei Colli / Before Mezzaro"": 1, ""Panorama, Via dei Colli"": 1}",0.3,True
domain,4,Percieved qualities (experiential dimension) -> Landscape characteristics (physical properties) -> Percieved qualities (experiential dimension) -> Governance,unmarked -> unmarked -> unmarked -> unmarked,0.7083333333333334,3,3,20.333333333333332,27.0,"{""Navegna Lago"": 1, ""Via Mezzaro"": 1, ""Ponte Navegna"": 1}",0.3,True
domain,4,Percieved qualities (experiential dimension) -> Percieved qualities (experiential dimension) -> Landscape characteristics (physical properties) -> Governance,unmarked -> unmarked -> unmarked -> unmarked,0.7083333333333333,4,3,22.0,21.5,"{""Navegna Lago"": 2, ""Simen x Paoli"": 1, ""Ponte Navegna"": 1}",0.3,True
domain,4,Percieved qualities (experiential dimension) -> Functionality -> Functionality -> Percieved qualities (experiential dimension),unmarked -> unmarked -> unmarked -> unmarked,0.7013888888888888,4,3,33.0,35.0,"{""Navegna Lago"": 2, ""Via Mezzaro"": 1, ""Ponte Navegna"": 1}",0.3,True
domain,4,Place identity -> Memory/temporality -> Place identity -> Place identity,unmarked -> unmarked -> unmarked -> unmarked,0.6998456790123456,4,3,11.5,9.0,"{""Navegna Lago"": 1, ""Simen x Paoli"": 1, ""Via Mezzaro"": 2}",0.3,True
domain,4,Percieved qualities (experiential dimension) -> Landscape characteristics (physical properties) -> Place identity -> Memory/temporality,unmarked -> unmarked -> unmarked -> unmarked,0.6944444444444444,6,3,22.666666666666668,22.0,"{""Navegna Lago"": 3, ""After Via dei Colli / Before Mezzaro"": 1, ""Panorama, Via dei Colli"": 2}",0.3,True
domain,4,Social dimension -> Social dimension -> Functionality -> Memory/temporality,unmarked -> unmarked -> unmarked -> unmarked,0.6944444444444444,3,3,42.333333333333336,34.0,"{""Crocifisso"": 1, ""Simen x Paoli"": 1, ""Panorama, Via dei Colli"": 1}",0.3,True
domain,4,Functionality -> Place identity -> Memory/temporality -> Memory/temporality,unmarked -> unmarked -> unmarked -> unmarked,0.6822916666666666,4,3,15.75,16.0,"{""Via Mezzaro"": 2, ""Ponte Navegna"": 1, ""Panorama, Via dei Colli"": 1}",0.3,True
domain,4,Percieved qualities (experiential dimension) -> Functionality -> Social dimension -> Functionality,unmarked -> unmarked -> unmarked -> unmarked,0.6701388888888888,4,3,16.5,9.0,"{""Via Mezzaro"": 1, ""Chiesa, Via San Gottardo"": 1, ""Panorama, Via dei Colli"": 2}",0.3,True
domain,4,Functionality -> Landscape characteristics (physical properties) -> Governance -> Landscape characteristics (physical properties),unmarked -> unmarked -> unmarked -> unmarked,0.6666666666666666,4,3,22.25,19.0,"{""Navegna Lago"": 2, ""Simen x Paoli"": 1, ""Ponte Navegna"": 1}",0.3,True
domain,4,Percieved qualities (experiential dimension) -> Place identity -> Place identity -> Functionality,unmarked -> unmarked -> unmarked -> unmarked,0.6666666666666666,4,3,18.25,18.0,"{""Navegna Lago"": 1, ""Via Mezzaro"": 2, ""Panorama, Via dei Colli"": 1}",0.3,True
domain,4,Place identity -> Landscape characteristics (physical properties) -> Landscape characteristics (physical properties) -> Percieved qualities (experiential dimension),unmarked -> unmarked -> unmarked -> unmarked,0.6666666666666666,5,3,16.0,9.0,"{""Navegna Lago"": 2, ""After Via dei Colli / Before Mezzaro"": 2, ""Panorama, Via dei Colli"": 1}",0.3,True
domain,4,Place identity -> Memory/temporality -> Memory/temporality -> Memory/temporality,unmarked -> unmarked -> unmarked -> unmarked,0.6666666666666666,3,3,22.333333333333332,28.0,"{""Ponte Navegna"": 1, ""Chiesa, Via San Gottardo"": 1, ""Panorama, Via dei Colli"": 1}",0.3,True
domain,4,Percieved qualities (experiential dimension) -> Governance -> Governance -> Percieved qualities (experiential dimension),unmarked -> unmarked -> unmarked -> unmarked,0.6632716049382716,6,3,33.5,17.0,"{""Navegna Lago"": 4, ""Via Mezzaro"": 1, ""Panorama, Via dei Colli"": 1}",0.3,True
domain,4,Landscape characteristics (physical properties) -> Governance -> Governance -> Landscape characteristics (physical properties),unmarked -> unmarked -> unmarked -> unmarked,0.6601851851851852,5,3,39.2,18.0,"{""Navegna Lago"": 2, ""Ponte Navegna"": 2, ""Panorama, Via dei Colli"": 1}",0.3,True
domain,4,Functionality -> Functionality -> Landscape characteristics (physical properties) -> Place identity,unmarked -> unmarked -> unmarked -> unmarked,0.6458333333333334,3,3,19.666666666666668,15.0,"{""Mulino San Martino / Parco Vicolo della Roggia"": 1, ""Via Mezzaro"": 1, ""Ponte Navegna"": 1}",0.3,True
domain,4,Social dimension -> Social dimension -> Percieved qualities (experiential dimension) -> Social dimension,unmarked -> unmarked -> unmarked -> unmarked,0.6423611111111112,4,3,29.25,34.5,"{""Simen x Paoli"": 1, ""Via Mezzaro"": 1, ""Panorama, Via dei Colli"": 2}",0.3,True
domain,4,Memory/temporality -> Percieved qualities (experiential dimension) -> Landscape characteristics (physical properties) -> Place identity,unmarked -> unmarked -> unmarked -> unmarked,0.6388888888888888,7,3,44.142857142857146,32.0,"{""Navegna Lago"": 1, ""Ponte Navegna"": 2, ""Panorama, Via dei Colli"": 4}",0.3,True
domain,4,Memory/temporality -> Social dimension -> Social dimension -> Functionality,unmarked -> unmarked -> unmarked -> unmarked,0.6388888888888888,3,3,51.0,50.0,"{""Crocifisso"": 1, ""Simen x Paoli"": 1, ""Panorama, Via dei Colli"": 1}",0.3,True
domain,4,Place identity -> Memory/temporality -> Landscape characteristics (physical properties) -> Percieved qualities (experiential dimension),unmarked -> unmarked -> unmarked -> unmarked,0.6304012345679012,7,3,14.714285714285714,9.0,"{""Navegna Lago"": 5, ""After Via dei Colli / Before Mezzaro"": 1, ""Via Mezzaro"": 1}",0.3,True
domain,4,Landscape characteristics (physical properties) -> Percieved qualities (experiential dimension) -> Governance -> Governance,unmarked -> unmarked -> unmarked -> unmarked,0.6226851851851851,6,3,25.166666666666668,17.0,"{""Navegna Lago"": 3, ""Ponte Navegna"": 1, ""Panorama, Via dei Colli"": 2}",0.3,True
domain,4,Memory/temporality -> Memory/temporality -> Place identity -> Landscape characteristics (physical properties),unmarked -> unmarked -> unmarked -> unmarked,0.6041666666666666,3,3,16.666666666666668,20.0,"{""Navegna Lago"": 1, ""Mulino San Martino / Parco Vicolo della Roggia"": 1, ""Ponte Navegna"": 1}",0.3,True
domain,4,Place identity -> Place identity -> Landscape characteristics (physical properties) -> Place identity,unmarked -> unmarked -> unmarked -> unmarked,0.6026234567901234,4,3,20.5,15.0,"{""After Via dei Colli / Before Mezzaro"": 1, ""Via Mezzaro"": 2, ""Ponte Navegna"": 1}",0.3,True
domain,4,Governance -> Governance -> Memory/temporality -> Landscape characteristics (physical properties),unmarked -> unmarked -> unmarked -> unmarked,0.6,4,3,71.5,62.5,"{""Navegna Lago"": 2, ""Simen x Paoli"": 1, ""Ponte Navegna"": 1}",0.3,True
domain,4,Percieved qualities (experiential dimension) -> Memory/temporality -> Governance -> Memory/temporality,unmarked -> unmarked -> unmarked -> unmarked,0.595679012345679,3,3,66.33333333333333,21.0,"{""Navegna Lago"": 1, ""Simen x Paoli"": 1, ""Via Mezzaro"": 1}",0.3,True
domain,4,Functionality -> Landscape characteristics (physical properties) -> Landscape characteristics (physical properties) -> Memory/temporality,unmarked -> unmarked -> unmarked -> unmarked,0.5902777777777778,3,3,22.666666666666668,24.0,"{""Mulino San Martino / Parco Vicolo della Roggia"": 1, ""Chiesa, Via San Gottardo"": 1, ""Panorama, Via dei Colli"": 1}",0.3,True
domain,4,Landscape characteristics (physical properties) -> Memory/temporality -> Percieved qualities (experiential dimension) -> Memory/temporality,unmarked -> unmarked -> unmarked -> unmarked,0.5763888888888888,6,3,27.666666666666668,12.0,"{""Navegna Lago"": 2, ""Ponte Navegna"": 3, ""Chiesa, Via San Gottardo"": 1}",0.3,True
domain,4,Percieved qualities (experiential dimension) -> Social dimension -> Memory/temporality -> Memory/temporality,unmarked -> unmarked -> unmarked -> unmarked,0.5763888888888888,3,3,38.333333333333336,40.0,"{""Simen x Paoli"": 1, ""Chiesa, Via San Gottardo"": 1, ""Scuola Elementare, Via Frizzi"": 1}",0.3,True
domain,4,Place identity -> Memory/temporality -> Percieved qualities (experiential dimension) -> Landscape characteristics (physical properties),unmarked -> unmarked -> unmarked -> unmarked,0.5763888888888888,3,3,12.0,9.0,"{""Navegna Lago"": 1, ""Via Mezzaro"": 1, ""Panorama, Via dei Colli"": 1}",0.3,True
domain,4,Memory/temporality -> Landscape characteristics (physical properties) -> Memory/temporality -> Percieved qualities (experiential dimension),unmarked -> unmarked -> unmarked -> unmarked,0.5694444444444444,5,3,27.4,27.0,"{""Simen x Paoli"": 1, ""Chiesa, Via San Gottardo"": 3, ""Panorama, Via dei Colli"": 1}",0.3,True
domain,4,Place identity -> Place identity -> Functionality -> Social dimension,unmarked -> unmarked -> unmarked -> unmarked,0.5625,4,3,11.75,10.5,"{""Simen x Paoli"": 1, ""Via Mezzaro"": 2, ""Panorama, Via dei Colli"": 1}",0.3,True
domain,4,Memory/temporality -> Percieved qualities (experiential dimension) -> Landscape characteristics (physical properties) -> Governance,unmarked -> unmarked -> unmarked -> unmarked,0.5601851851851851,4,3,21.75,10.5,"{""Via Mezzaro"": 1, ""Ponte Navegna"": 2, ""Panorama, Via dei Colli"": 1}",0.3,True
domain,4,Landscape characteristics (physical properties) -> Place identity -> Place identity -> Landscape characteristics (physical properties),unmarked -> unmarked -> unmarked -> unmarked,0.5555555555555556,4,3,20.25,20.5,"{""After Via dei Colli / Before Mezzaro"": 2, ""Ponte Navegna"": 1, ""Panorama, Via dei Colli"": 1}",0.3,True
domain,4,Memory/temporality -> Percieved qualities (experiential dimension) -> Percieved qualities (experiential dimension) -> Functionality,unmarked -> unmarked -> unmarked -> unmarked,0.5555555555555556,3,3,18.666666666666668,19.0,"{""Simen x Paoli"": 1, ""Ponte Navegna"": 1, ""Chiesa, Via San Gottardo"": 1}",0.3,True
domain,4,Functionality -> Governance -> Percieved qualities (experiential dimension) -> Functionality,unmarked -> unmarked -> unmarked -> unmarked,0.5416666666666666,3,3,33.333333333333336,36.0,"{""Navegna Lago"": 1, ""Simen x Paoli"": 1, ""Mulino San Martino / Parco Vicolo della Roggia"": 1}",0.3,True
domain,4,Memory/temporality -> Social dimension -> Social dimension -> Percieved qualities (experiential dimension),unmarked -> unmarked -> unmarked -> unmarked,0.5277777777777778,3,3,24.666666666666668,23.0,"{""Simen x Paoli"": 1, ""Ponte Navegna"": 1, ""Panorama, Via dei Colli"": 1}",0.3,True
domain,4,Landscape characteristics (physical properties) -> Functionality -> Social dimension -> Social dimension,unmarked -> unmarked -> unmarked -> unmarked,0.5208333333333333,4,3,30.5,19.0,"{""Navegna Lago"": 1, ""Simen x Paoli"": 1, ""Panorama, Via dei Colli"": 2}",0.3,True
domain,4,Functionality -> Memory/temporality -> Functionality -> Percieved qualities (experiential dimension),unmarked -> unmarked -> unmarked -> unmarked,0.5138888888888888,4,3,15.75,8.5,"{""Navegna Lago"": 1, ""Via Mezzaro"": 2, ""Chiesa, Via San Gottardo"": 1}",0.3,True
domain,4,Percieved qualities (experiential dimension) -> Percieved qualities (experiential dimension) -> Functionality -> Landscape characteristics (physical properties),unmarked -> unmarked -> unmarked -> unmarked,0.5069444444444444,7,3,26.571428571428573,11.0,"{""Navegna Lago"": 3, ""Ponte Navegna"": 3, ""Panorama, Via dei Colli"": 1}",0.3,True
domain,4,Governance -> Percieved qualities (experiential dimension) -> Landscape characteristics (physical properties) -> Functionality,unmarked -> unmarked -> unmarked -> unmarked,0.5,5,3,34.0,36.0,"{""Navegna Lago"": 2, ""Ponte Navegna"": 1, ""Panorama, Via dei Colli"": 2}",0.3,True
domain,4,Memory/temporality -> Percieved qualities (experiential dimension) -> Landscape characteristics (physical properties) -> Memory/temporality,unmarked -> unmarked -> unmarked -> unmarked,0.5,8,3,17.75,16.0,"{""Navegna Lago"": 1, ""Ponte Navegna"": 3, ""Chiesa, Via San Gottardo"": 4}",0.3,True
domain,4,Memory/temporality -> Percieved qualities (experiential dimension) -> Memory/temporality -> Landscape characteristics (physical properties),unmarked -> unmarked -> unmarked -> unmarked,0.48148148148148145,7,3,21.0,15.0,"{""Ponte Navegna"": 3, ""Chiesa, Via San Gottardo"": 2, ""Panorama, Via dei Colli"": 2}",0.3,True
domain,4,Memory/temporality -> Functionality -> Landscape characteristics (physical properties) -> Landscape characteristics (physical properties),unmarked -> unmarked -> unmarked -> unmarked,0.4722222222222222,3,3,51.333333333333336,8.0,"{""Navegna Lago"": 1, ""Via Mezzaro"": 1, ""Ponte Navegna"": 1}",0.3,True
domain,4,Memory/temporality -> Percieved qualities (experiential dimension) -> Social dimension -> Social dimension,unmarked -> unmarked -> unmarked -> unmarked,0.4722222222222222,3,3,11.333333333333334,10.0,"{""Mulino San Martino / Parco Vicolo della Roggia"": 1, ""Via Mezzaro"": 1, ""Scuola Elementare, Via Frizzi"": 1}",0.3,True
domain,4,Social dimension -> Functionality -> Percieved qualities (experiential dimension) -> Memory/temporality,unmarked -> unmarked -> unmarked -> unmarked,0.4722222222222222,4,3,14.25,10.5,"{""Via Mezzaro"": 1, ""Chiesa, Via San Gottardo"": 1, ""Panorama, Via dei Colli"": 2}",0.3,True
domain,4,Social dimension -> Percieved qualities (experiential dimension) -> Percieved qualities (experiential dimension) -> Memory/temporality,unmarked -> unmarked -> unmarked -> unmarked,0.4722222222222222,4,3,22.0,7.0,"{""Ponte Navegna"": 1, ""Chiesa, Via San Gottardo"": 1, ""Panorama, Via dei Colli"": 2}",0.3,True
domain,4,Landscape characteristics (physical properties) -> Place identity -> Percieved qualities (experiential dimension) -> Percieved qualities (experiential dimension),unmarked -> unmarked -> unmarked -> unmarked,0.4629629629629629,5,3,20.4,9.0,"{""After Via dei Colli / Before Mezzaro"": 1, ""Ponte Navegna"": 2, ""Panorama, Via dei Colli"": 2}",0.3,True
domain,4,Place identity -> Governance -> Place identity -> Place identity,unmarked -> unmarked -> unmarked -> unmarked,0.4567901234567901,4,3,13.0,13.5,"{""Navegna Lago"": 1, ""Via Mezzaro"": 2, ""Ponte Navegna"": 1}",0.3,True
domain,4,Landscape characteristics (physical properties) -> Percieved qualities (experiential dimension) -> Memory/temporality -> Social dimension,unmarked -> unmarked -> unmarked -> unmarked,0.4513888888888889,4,3,35.25,30.5,"{""Ponte Navegna"": 1, ""Chiesa, Via San Gottardo"": 1, ""Panorama, Via dei Colli"": 2}",0.3,True
domain,4,Social dimension -> Percieved qualities (experiential dimension) -> Landscape characteristics (physical properties) -> Percieved qualities (experiential dimension),unmarked -> unmarked -> unmarked -> unmarked,0.44907407407407407,4,3,11.25,12.5,"{""Navegna Lago"": 1, ""Via Mezzaro"": 1, ""Ponte Navegna"": 2}",0.3,True
domain,4,Functionality -> Functionality -> Landscape characteristics (physical properties) -> Governance,unmarked -> unmarked -> unmarked -> unmarked,0.44791666666666663,3,3,20.333333333333332,10.0,"{""Navegna Lago"": 1, ""Ponte Navegna"": 1, ""Panorama, Via dei Colli"": 1}",0.3,True
domain,4,Social dimension -> Social dimension -> Landscape characteristics (physical properties) -> Percieved qualities (experiential dimension),unmarked -> unmarked -> unmarked -> unmarked,0.4444444444444444,3,3,33.333333333333336,21.0,"{""Simen x Paoli"": 1, ""Via Mezzaro"": 1, ""Ponte Navegna"": 1}",0.3,True
domain,4,Landscape characteristics (physical properties) -> Landscape characteristics (physical properties) -> Percieved qualities (experiential dimension) -> Social dimension,unmarked -> unmarked -> unmarked -> unmarked,0.4375,4,3,32.25,25.5,"{""Navegna Lago"": 2, ""Ponte Navegna"": 1, ""Panorama, Via dei Colli"": 1}",0.3,True
domain,4,Memory/temporality -> Place identity -> Functionality -> Percieved qualities (experiential dimension),unmarked -> unmarked -> unmarked -> unmarked,0.4375,3,3,57.333333333333336,7.0,"{""Navegna Lago"": 1, ""Via Mezzaro"": 1, ""Ponte Navegna"": 1}",0.3,True
domain,4,Landscape characteristics (physical properties) -> Landscape characteristics (physical properties) -> Percieved qualities (experiential dimension) -> Governance,unmarked -> unmarked -> unmarked -> unmarked,0.4340277777777778,4,3,28.5,22.0,"{""Navegna Lago"": 1, ""Ponte Navegna"": 1, ""Panorama, Via dei Colli"": 2}",0.3,True
domain,4,Functionality -> Percieved qualities (experiential dimension) -> Functionality -> Functionality,unmarked -> unmarked -> unmarked -> unmarked,0.4305555555555555,4,3,17.75,11.0,"{""Navegna Lago"": 1, ""Via Mezzaro"": 2, ""Chiesa, Via San Gottardo"": 1}",0.3,True
domain,4,Memory/temporality -> Percieved qualities (experiential dimension) -> Percieved qualities (experiential dimension) -> Place identity,unmarked -> unmarked -> unmarked -> unmarked,0.4305555555555555,6,3,54.666666666666664,60.0,"{""Navegna Lago"": 1, ""Ponte Navegna"": 1, ""Panorama, Via dei Colli"": 4}",0.3,True
domain,4,Memory/temporality -> Memory/temporality -> Place identity -> Percieved qualities (experiential dimension),unmarked -> unmarked -> unmarked -> unmarked,0.41666666666666663,3,3,24.666666666666668,20.0,"{""Simen x Paoli"": 1, ""Ponte Navegna"": 1, ""Chiesa, Via San Gottardo"": 1}",0.3,True
domain,4,Place identity -> Percieved qualities (experiential dimension) -> Memory/temporality -> Memory/temporality,unmarked -> unmarked -> unmarked -> unmarked,0.41666666666666663,5,3,23.8,3.0,"{""Navegna Lago"": 1, ""Ponte Navegna"": 3, ""Chiesa, Via San Gottardo"": 1}",0.3,True
domain,4,Landscape characteristics (physical properties) -> Percieved qualities (experiential dimension) -> Memory/temporality -> Place identity,unmarked -> unmarked -> unmarked -> unmarked,0.41203703703703703,3,3,27.666666666666668,16.0,"{""Simen x Paoli"": 1, ""Ponte Navegna"": 1, ""Panorama, Via dei Colli"": 1}",0.3,True
domain,4,Place identity -> Memory/temporality -> Place identity -> Landscape characteristics (physical properties),unmarked -> unmarked -> unmarked -> unmarked,0.4097222222222222,3,3,8.0,9.0,"{""Navegna Lago"": 1, ""Simen x Paoli"": 1, ""Via Mezzaro"": 1}",0.3,True
domain,4,Place identity -> Place identity -> Landscape characteristics (physical properties) -> Percieved qualities (experiential dimension),unmarked -> unmarked -> unmarked -> unmarked,0.408179012345679,4,3,18.5,18.0,"{""Navegna Lago"": 2, ""After Via dei Colli / Before Mezzaro"": 1, ""Via Mezzaro"": 1}",0.3,True
domain,4,Functionality -> Percieved qualities (experiential dimension) -> Landscape characteristics (physical properties) -> Landscape characteristics (physical properties),unmarked -> unmarked -> unmarked -> unmarked,0.4074074074074074,5,3,8.4,9.0,"{""Navegna Lago"": 1, ""After Via dei Colli / Before Mezzaro"": 1, ""Ponte Navegna"": 3}",0.3,True
domain,4,Place identity -> Place identity -> Place identity -> Place identity,unmarked -> unmarked -> unmarked -> unmarked,0.3942901234567901,4,3,13.75,13.5,"{""Navegna Lago"": 1, ""After Via dei Colli / Before Mezzaro"": 1, ""Via Mezzaro"": 2}",0.3,True
domain,4,Landscape characteristics (physical properties) -> Governance -> Memory/temporality -> Memory/temporality,unmarked -> unmarked -> unmarked -> unmarked,0.390625,4,3,19.75,20.0,"{""Navegna Lago"": 2, ""Via Mezzaro"": 1, ""Ponte Navegna"": 1}",0.3,True
domain,4,Memory/temporality -> Social dimension -> Social dimension -> Landscape characteristics (physical properties),unmarked -> unmarked -> unmarked -> unmarked,0.3888888888888889,3,3,41.333333333333336,30.0,"{""Simen x Paoli"": 1, ""Ponte Navegna"": 1, ""Panorama, Via dei Colli"": 1}",0.3,True
domain,4,Percieved qualities (experiential dimension) -> Place identity -> Percieved qualities (experiential dimension) -> Percieved qualities (experiential dimension),unmarked -> unmarked -> unmarked -> unmarked,0.3888888888888889,5,3,22.4,20.0,"{""After Via dei Colli / Before Mezzaro"": 2, ""Ponte Navegna"": 1, ""Panorama, Via dei Colli"": 2}",0.3,True
domain,4,Landscape characteristics (physical properties) -> Place identity -> Governance -> Percieved qualities (experiential dimension),unmarked -> unmarked -> unmarked -> unmarked,0.3873456790123457,3,3,44.333333333333336,6.0,"{""Navegna Lago"": 1, ""Via Mezzaro"": 1, ""Panorama, Via dei Colli"": 1}",0.3,True
domain,4,Landscape characteristics (physical properties) -> Landscape characteristics (physical properties) -> Governance -> Governance,unmarked -> unmarked -> unmarked -> unmarked,0.3819444444444444,5,3,23.8,10.0,"{""Navegna Lago"": 1, ""Ponte Navegna"": 2, ""Panorama, Via dei Colli"": 2}",0.3,True
domain,4,Memory/temporality -> Landscape characteristics (physical properties) -> Place identity -> Landscape characteristics (physical properties),unmarked -> unmarked -> unmarked -> unmarked,0.3784722222222222,4,3,41.75,31.5,"{""Navegna Lago"": 1, ""Via Mezzaro"": 1, ""Panorama, Via dei Colli"": 2}",0.3,True
domain,4,Memory/temporality -> Functionality -> Landscape characteristics (physical properties) -> Place identity,unmarked -> unmarked -> unmarked -> unmarked,0.375,3,3,11.0,8.0,"{""Navegna Lago"": 1, ""Via Mezzaro"": 1, ""Ponte Navegna"": 1}",0.3,True
domain,4,Percieved qualities (experiential dimension) -> Memory/temporality -> Place identity -> Landscape characteristics (physical properties),unmarked -> unmarked -> unmarked -> unmarked,0.375,4,3,12.25,13.0,"{""Navegna Lago"": 1, ""Via Mezzaro"": 1, ""Ponte Navegna"": 2}",0.3,True
domain,4,Place identity -> Landscape characteristics (physical properties) -> Functionality -> Social dimension,unmarked -> unmarked -> unmarked -> unmarked,0.375,3,3,15.333333333333334,15.0,"{""Navegna Lago"": 1, ""Simen x Paoli"": 1, ""Panorama, Via dei Colli"": 1}",0.3,True
domain,4,Memory/temporality -> Percieved qualities (experiential dimension) -> Functionality -> Social dimension,unmarked -> unmarked -> unmarked -> unmarked,0.3680555555555556,3,3,27.0,10.0,"{""Via Mezzaro"": 1, ""Panorama, Via dei Colli"": 1, ""Scuola Elementare, Via Frizzi"": 1}",0.3,True
domain,4,Social dimension -> Social dimension -> Place identity -> Memory/temporality,unmarked -> unmarked -> unmarked -> unmarked,0.3645833333333333,3,3,45.666666666666664,54.0,"{""Simen x Paoli"": 1, ""Via Mezzaro"": 1, ""Panorama, Via dei Colli"": 1}",0.3,True
domain,4,Percieved qualities (experiential dimension) -> Place identity -> Governance -> Place identity,unmarked -> unmarked -> unmarked -> unmarked,0.3641975308641975,5,3,13.2,12.0,"{""Navegna Lago"": 1, ""Via Mezzaro"": 3, ""Ponte Navegna"": 1}",0.3,True
domain,4,Place identity -> Governance -> Governance -> Percieved qualities (experiential dimension),unmarked -> unmarked -> unmarked -> unmarked,0.36234567901234566,3,3,72.0,90.0,"{""Navegna Lago"": 1, ""Via Mezzaro"": 1, ""Panorama, Via dei Colli"": 1}",0.3,True
domain,4,Functionality -> Percieved qualities (experiential dimension) -> Memory/temporality -> Place identity,unmarked -> unmarked -> unmarked -> unmarked,0.3541666666666667,3,3,38.0,41.0,"{""Navegna Lago"": 1, ""Ponte Navegna"": 1, ""Panorama, Via dei Colli"": 1}",0.3,True
domain,4,Governance -> Landscape characteristics (physical properties) -> Memory/temporality -> Functionality,unmarked -> unmarked -> unmarked -> unmarked,0.3541666666666667,3,3,21.0,25.0,"{""Navegna Lago"": 1, ""Via Mezzaro"": 1, ""Ponte Navegna"": 1}",0.3,True
domain,4,Percieved qualities (experiential dimension) -> Percieved qualities (experiential dimension) -> Governance -> Governance,unmarked -> unmarked -> unmarked -> unmarked,0.35185185185185186,3,3,24.0,24.0,"{""Navegna Lago"": 1, ""Via Mezzaro"": 1, ""Ponte Navegna"": 1}",0.3,True
domain,4,Percieved qualities (experiential dimension) -> Percieved qualities (experiential dimension) -> Memory/temporality -> Place identity,unmarked -> unmarked -> unmarked -> unmarked,0.3472222222222222,4,3,19.75,12.5,"{""Via Mezzaro"": 1, ""Ponte Navegna"": 2, ""Panorama, Via dei Colli"": 1}",0.3,True
domain,4,Social dimension -> Percieved qualities (experiential dimension) -> Landscape characteristics (physical properties) -> Memory/temporality,unmarked -> unmarked -> unmarked -> unmarked,0.3472222222222222,3,3,38.333333333333336,29.0,"{""Navegna Lago"": 1, ""Chiesa, Via San Gottardo"": 1, ""Panorama, Via dei Colli"": 1}",0.3,True
domain,4,Functionality -> Functionality -> Landscape characteristics (physical properties) -> Memory/temporality,unmarked -> unmarked -> unmarked -> unmarked,0.3402777777777778,3,3,33.333333333333336,34.0,"{""Ponte Navegna"": 1, ""Chiesa, Via San Gottardo"": 1, ""Panorama, Via dei Colli"": 1}",0.3,True
domain,4,Landscape characteristics (physical properties) -> Social dimension -> Memory/temporality -> Social dimension,unmarked -> unmarked -> unmarked -> unmarked,0.3263888888888889,3,3,21.0,15.0,"{""Ponte Navegna"": 1, ""Chiesa, Via San Gottardo"": 1, ""Scuola Elementare, Via Frizzi"": 1}",0.3,True
domain,4,Memory/temporality -> Percieved qualities (experiential dimension) -> Percieved qualities (experiential dimension) -> Social dimension,unmarked -> unmarked -> unmarked -> unmarked,0.3263888888888889,3,3,36.0,31.0,"{""Mulino San Martino / Parco Vicolo della Roggia"": 1, ""Chiesa, Via San Gottardo"": 1, ""Panorama, Via dei Colli"": 1}",0.3,True
domain,4,Percieved qualities (experiential dimension) -> Place identity -> Percieved qualities (experiential dimension) -> Functionality,unmarked -> unmarked -> unmarked -> unmarked,0.3263888888888889,3,3,8.0,6.0,"{""Navegna Lago"": 1, ""Simen x Paoli"": 1, ""Via Mezzaro"": 1}",0.3,True
domain,4,Functionality -> Functionality -> Percieved qualities (experiential dimension) -> Governance,unmarked -> unmarked -> unmarked -> unmarked,0.3229166666666667,3,3,23.666666666666668,19.0,"{""Navegna Lago"": 1, ""Ponte Navegna"": 1, ""Panorama, Via dei Colli"": 1}",0.3,True
domain,4,Memory/temporality -> Landscape characteristics (physical properties) -> Place identity -> Memory/temporality,unmarked -> unmarked -> unmarked -> unmarked,0.32291666666666663,3,3,23.666666666666668,21.0,"{""Navegna Lago"": 1, ""Via Mezzaro"": 1, ""Panorama, Via dei Colli"": 1}",0.3,True
domain,4,Landscape characteristics (physical properties) -> Governance -> Landscape characteristics (physical properties) -> Memory/temporality,unmarked -> unmarked -> unmarked -> unmarked,0.31963734567901236,4,3,14.0,12.5,"{""Navegna Lago"": 1, ""Via Mezzaro"": 2, ""Ponte Navegna"": 1}",0.3,True
domain,4,Landscape characteristics (physical properties) -> Social dimension -> Percieved qualities (experiential dimension) -> Functionality,unmarked -> unmarked -> unmarked -> unmarked,0.3194444444444445,3,3,29.333333333333332,22.0,"{""Via Mezzaro"": 1, ""Ponte Navegna"": 1, ""Panorama, Via dei Colli"": 1}",0.3,True
domain,4,Governance -> Landscape characteristics (physical properties) -> Percieved qualities (experiential dimension) -> Landscape characteristics (physical properties),unmarked -> unmarked -> unmarked -> unmarked,0.3194444444444444,4,3,25.5,24.0,"{""Navegna Lago"": 1, ""After Via dei Colli / Before Mezzaro"": 1, ""Panorama, Via dei Colli"": 2}",0.3,True
domain,4,Landscape characteristics (physical properties) -> Percieved qualities (experiential dimension) -> Place identity -> Memory/temporality,unmarked -> unmarked -> unmarked -> unmarked,0.3194444444444444,5,3,10.2,6.0,"{""Navegna Lago"": 3, ""Simen x Paoli"": 1, ""After Via dei Colli / Before Mezzaro"": 1}",0.3,True
domain,4,Memory/temporality -> Memory/temporality -> Percieved qualities (experiential dimension) -> Social dimension,unmarked -> unmarked -> unmarked -> unmarked,0.3194444444444444,3,3,12.333333333333334,15.0,"{""Via Mezzaro"": 1, ""Chiesa, Via San Gottardo"": 1, ""Scuola Elementare, Via Frizzi"": 1}",0.3,True
domain,4,Percieved qualities (experiential dimension) -> Memory/temporality -> Social dimension -> Percieved qualities (experiential dimension),unmarked -> unmarked -> unmarked -> unmarked,0.3194444444444444,5,3,62.6,56.0,"{""Navegna Lago"": 1, ""Chiesa, Via San Gottardo"": 1, ""Panorama, Via dei Colli"": 3}",0.3,True
domain,4,Place identity -> Place identity -> Landscape characteristics (physical properties) -> Memory/temporality,unmarked -> unmarked -> unmarked -> unmarked,0.3179012345679012,4,3,19.0,20.5,"{""Navegna Lago"": 1, ""After Via dei Colli / Before Mezzaro"": 2, ""Via Mezzaro"": 1}",0.3,True
domain,4,Percieved qualities (experiential dimension) -> Functionality -> Governance -> Percieved qualities (experiential dimension),unmarked -> unmarked -> unmarked -> unmarked,0.3125,4,3,33.75,27.5,"{""Navegna Lago"": 2, ""Mulino San Martino / Parco Vicolo della Roggia"": 1, ""Panorama, Via dei Colli"": 1}",0.3,True
domain,4,Percieved qualities (experiential dimension) -> Functionality -> Percieved qualities (experiential dimension) -> Place identity,unmarked -> unmarked -> unmarked -> unmarked,0.3125,4,3,13.25,14.5,"{""Navegna Lago"": 2, ""After Via dei Colli / Before Mezzaro"": 1, ""Via Mezzaro"": 1}",0.3,True
domain,4,Landscape characteristics (physical properties) -> Percieved qualities (experiential dimension) -> Percieved qualities (experiential dimension) -> Governance,unmarked -> unmarked -> unmarked -> unmarked,0.3101851851851852,3,3,35.666666666666664,32.0,"{""Navegna Lago"": 1, ""Ponte Navegna"": 1, ""Panorama, Via dei Colli"": 1}",0.3,True
domain,4,Percieved qualities (experiential dimension) -> Social dimension -> Percieved qualities (experiential dimension) -> Percieved qualities (experiential dimension),unmarked -> unmarked -> unmarked -> unmarked,0.3101851851851852,4,3,25.0,30.5,"{""Mulino San Martino / Parco Vicolo della Roggia"": 2, ""Ponte Navegna"": 1, ""Panorama, Via dei Colli"": 1}",0.3,True
domain,4,Percieved qualities (experiential dimension) -> Governance -> Percieved qualities (experiential dimension) -> Place identity,unmarked -> unmarked -> unmarked -> unmarked,0.30729166666666663,4,3,17.0,14.5,"{""Navegna Lago"": 1, ""Via Mezzaro"": 2, ""Ponte Navegna"": 1}",0.3,True
domain,4,Functionality -> Percieved qualities (experiential dimension) -> Place identity -> Landscape characteristics (physical properties),unmarked -> unmarked -> unmarked -> unmarked,0.3055555555555555,3,3,19.333333333333332,14.0,"{""Navegna Lago"": 1, ""After Via dei Colli / Before Mezzaro"": 1, ""Ponte Navegna"": 1}",0.3,True
domain,4,Functionality -> Percieved qualities (experiential dimension) -> Place identity -> Percieved qualities (experiential dimension),unmarked -> unmarked -> unmarked -> unmarked,0.3055555555555555,3,3,19.333333333333332,14.0,"{""Navegna Lago"": 1, ""After Via dei Colli / Before Mezzaro"": 1, ""Ponte Navegna"": 1}",0.3,True
domain,4,Landscape characteristics (physical properties) -> Functionality -> Landscape characteristics (physical properties) -> Landscape characteristics (physical properties),unmarked -> unmarked -> unmarked -> unmarked,0.3055555555555555,5,3,19.8,15.0,"{""Navegna Lago"": 1, ""Ponte Navegna"": 3, ""Panorama, Via dei Colli"": 1}",0.3,True
domain,4,Percieved qualities (experiential dimension) -> Functionality -> Memory/temporality -> Landscape characteristics (physical properties),unmarked -> unmarked -> unmarked -> unmarked,0.3055555555555555,4,3,23.25,25.0,"{""Navegna Lago"": 2, ""After Via dei Colli / Before Mezzaro"": 1, ""Panorama, Via dei Colli"": 1}",0.3,True
domain,4,Functionality -> Functionality -> Social dimension -> Percieved qualities (experiential dimension),unmarked -> unmarked -> unmarked -> unmarked,0.3020833333333333,5,3,28.8,19.0,"{""Navegna Lago"": 1, ""Via Mezzaro"": 2, ""Panorama, Via dei Colli"": 2}",0.3,True
domain,4,Memory/temporality -> Percieved qualities (experiential dimension) -> Governance -> Landscape characteristics (physical properties),unmarked -> unmarked -> unmarked -> unmarked,0.2997685185185185,3,3,39.0,30.0,"{""Via Mezzaro"": 1, ""Ponte Navegna"": 1, ""Panorama, Via dei Colli"": 1}",0.3,True
domain,4,Social dimension -> Percieved qualities (experiential dimension) -> Percieved qualities (experiential dimension) -> Percieved qualities (experiential dimension),unmarked -> unmarked -> unmarked -> unmarked,0.2997685185185185,5,3,18.6,17.0,"{""Mulino San Martino / Parco Vicolo della Roggia"": 1, ""Ponte Navegna"": 3, ""Panorama, Via dei Colli"": 1}",0.3,True
domain,4,Percieved qualities (experiential dimension) -> Memory/temporality -> Functionality -> Functionality,unmarked -> unmarked -> unmarked -> unmarked,0.2986111111111111,5,3,24.8,15.0,"{""Navegna Lago"": 2, ""Chiesa, Via San Gottardo"": 2, ""Panorama, Via dei Colli"": 1}",0.3,True
domain,4,Percieved qualities (experiential dimension) -> Landscape characteristics (physical properties) -> Memory/temporality -> Governance,unmarked -> unmarked -> unmarked -> unmarked,0.2962962962962963,3,3,25.333333333333332,32.0,"{""Navegna Lago"": 1, ""Via Mezzaro"": 1, ""Panorama, Via dei Colli"": 1}",0.3,True
domain,4,Landscape characteristics (physical properties) -> Social dimension -> Landscape characteristics (physical properties) -> Functionality,unmarked -> unmarked -> unmarked -> unmarked,0.2916666666666667,3,3,12.666666666666666,8.0,"{""Via Mezzaro"": 1, ""Ponte Navegna"": 1, ""Chiesa, Via San Gottardo"": 1}",0.3,True
domain,4,Functionality -> Functionality -> Memory/temporality -> Memory/temporality,unmarked -> unmarked -> unmarked -> unmarked,0.29166666666666663,4,3,24.25,22.5,"{""Navegna Lago"": 1, ""Via Mezzaro"": 1, ""Chiesa, Via San Gottardo"": 2}",0.3,True
domain,4,Memory/temporality -> Functionality -> Percieved qualities (experiential dimension) -> Memory/temporality,unmarked -> unmarked -> unmarked -> unmarked,0.29166666666666663,4,3,7.75,7.0,"{""Navegna Lago"": 1, ""Via Mezzaro"": 2, ""Chiesa, Via San Gottardo"": 1}",0.3,True
domain,4,Percieved qualities (experiential dimension) -> Functionality -> Governance -> Landscape characteristics (physical properties),unmarked -> unmarked -> unmarked -> unmarked,0.29166666666666663,3,3,26.0,28.0,"{""Navegna Lago"": 1, ""After Via dei Colli / Before Mezzaro"": 1, ""Panorama, Via dei Colli"": 1}",0.3,True
domain,4,Landscape characteristics (physical properties) -> Landscape characteristics (physical properties) -> Functionality -> Percieved qualities (experiential dimension),unmarked -> unmarked -> unmarked -> unmarked,0.28935185185185186,4,3,29.25,15.5,"{""Navegna Lago"": 2, ""Via Mezzaro"": 1, ""Ponte Navegna"": 1}",0.3,True
domain,4,Landscape characteristics (physical properties) -> Percieved qualities (experiential dimension) -> Place identity -> Landscape characteristics (physical properties),unmarked -> unmarked -> unmarked -> unmarked,0.2777777777777778,4,3,52.5,48.5,"{""Navegna Lago"": 2, ""After Via dei Colli / Before Mezzaro"": 1, ""Panorama, Via dei Colli"": 1}",0.3,True
domain,4,Memory/temporality -> Percieved qualities (experiential dimension) -> Functionality -> Landscape characteristics (physical properties),unmarked -> unmarked -> unmarked -> unmarked,0.2777777777777778,5,3,28.8,30.0,"{""Navegna Lago"": 2, ""Ponte Navegna"": 2, ""Panorama, Via dei Colli"": 1}",0.3,True
domain,4,Place identity -> Percieved qualities (experiential dimension) -> Place identity -> Memory/temporality,unmarked -> unmarked -> unmarked -> unmarked,0.27777777777777773,4,3,11.25,10.5,"{""Navegna Lago"": 2, ""Simen x Paoli"": 1, ""After Via dei Colli / Before Mezzaro"": 1}",0.3,True
domain,4,Functionality -> Functionality -> Memory/temporality -> Social dimension,unmarked -> unmarked -> unmarked -> unmarked,0.2708333333333333,3,3,24.0,24.0,"{""Navegna Lago"": 1, ""Simen x Paoli"": 1, ""Chiesa, Via San Gottardo"": 1}",0.3,True
domain,4,Functionality -> Landscape characteristics (physical properties) -> Governance -> Governance,unmarked -> unmarked -> unmarked -> unmarked,0.2708333333333333,3,3,11.0,10.0,"{""Navegna Lago"": 1, ""Ponte Navegna"": 1, ""Panorama, Via dei Colli"": 1}",0.3,True
domain,4,Functionality -> Social dimension -> Memory/temporality -> Memory/temporality,unmarked -> unmarked -> unmarked -> unmarked,0.2708333333333333,3,3,18.333333333333332,9.0,"{""Via Mezzaro"": 1, ""Chiesa, Via San Gottardo"": 1, ""Scuola Elementare, Via Frizzi"": 1}",0.3,True
domain,4,Memory/temporality -> Landscape characteristics (physical properties) -> Functionality -> Percieved qualities (experiential dimension),unmarked -> unmarked -> unmarked -> unmarked,0.2708333333333333,4,3,40.0,47.0,"{""Navegna Lago"": 2, ""Via Mezzaro"": 1, ""Panorama, Via dei Colli"": 1}",0.3,True
domain,4,Social dimension -> Functionality -> Memory/temporality -> Place identity,unmarked -> unmarked -> unmarked -> unmarked,0.2708333333333333,3,3,44.0,58.0,"{""Simen x Paoli"": 1, ""Via Mezzaro"": 1, ""Panorama, Via dei Colli"": 1}",0.3,True
domain,4,Functionality -> Functionality -> Place identity -> Landscape characteristics (physical properties),unmarked -> unmarked -> unmarked -> unmarked,0.2685185185185185,3,3,22.666666666666668,31.0,"{""Via Mezzaro"": 1, ""Ponte Navegna"": 1, ""Panorama, Via dei Colli"": 1}",0.3,True
domain,4,Percieved qualities (experiential dimension) -> Landscape characteristics (physical properties) -> Governance -> Percieved qualities (experiential dimension),unmarked -> unmarked -> unmarked -> unmarked,0.2662037037037037,4,3,45.5,45.0,"{""Navegna Lago"": 2, ""Ponte Navegna"": 1, ""Panorama, Via dei Colli"": 1}",0.3,True
domain,4,Percieved qualities (experiential dimension) -> Social dimension -> Functionality -> Percieved qualities (experiential dimension),unmarked -> unmarked -> unmarked -> unmarked,0.2638888888888889,3,3,26.0,34.0,"{""Mulino San Martino / Parco Vicolo della Roggia"": 1, ""Via Mezzaro"": 1, ""Panorama, Via dei Colli"": 1}",0.3,True
domain,4,Landscape characteristics (physical properties) -> Place identity -> Governance -> Place identity,unmarked -> unmarked -> unmarked -> unmarked,0.2623456790123457,3,3,32.0,33.0,"{""Navegna Lago"": 1, ""Simen x Paoli"": 1, ""Via Mezzaro"": 1}",0.3,True
domain,4,Landscape characteristics (physical properties) -> Governance -> Percieved qualities (experiential dimension) -> Landscape characteristics (physical properties),unmarked -> unmarked -> unmarked -> unmarked,0.2574074074074074,6,3,43.5,31.0,"{""Navegna Lago"": 2, ""Ponte Navegna"": 2, ""Panorama, Via dei Colli"": 2}",0.3,True
domain,4,Social dimension -> Functionality -> Percieved qualities (experiential dimension) -> Functionality,unmarked -> unmarked -> unmarked -> unmarked,0.2534722222222222,4,3,17.25,11.5,"{""Via Mezzaro"": 2, ""Chiesa, Via San Gottardo"": 1, ""Panorama, Via dei Colli"": 1}",0.3,True
domain,4,Landscape characteristics (physical properties) -> Place identity -> Landscape characteristics (physical properties) -> Memory/temporality,unmarked -> unmarked -> unmarked -> unmarked,0.2501929012345679,5,3,14.0,17.0,"{""After Via dei Colli / Before Mezzaro"": 2, ""Mulino San Martino / Parco Vicolo della Roggia"": 1, ""Via Mezzaro"": 2}",0.3,True
domain,4,Functionality -> Percieved qualities (experiential dimension) -> Memory/temporality -> Percieved qualities (experiential dimension),unmarked -> unmarked -> unmarked -> unmarked,0.25,4,3,17.25,5.5,"{""Via Mezzaro"": 2, ""Ponte Navegna"": 1, ""Panorama, Via dei Colli"": 1}",0.3,True
domain,4,Landscape characteristics (physical properties) -> Landscape characteristics (physical properties) -> Landscape characteristics (physical properties) -> Functionality,unmarked -> unmarked -> unmarked -> unmarked,0.25,4,3,37.5,12.0,"{""Navegna Lago"": 1, ""Ponte Navegna"": 2, ""Chiesa, Via San Gottardo"": 1}",0.3,True
domain,4,Place identity -> Percieved qualities (experiential dimension) -> Memory/temporality -> Percieved qualities (experiential dimension),unmarked -> unmarked -> unmarked -> unmarked,0.25,4,3,37.75,37.0,"{""Navegna Lago"": 1, ""Ponte Navegna"": 2, ""Panorama, Via dei Colli"": 1}",0.3,True
domain,4,Governance -> Percieved qualities (experiential dimension) -> Landscape characteristics (physical properties) -> Percieved qualities (experiential dimension),unmarked -> unmarked -> unmarked -> unmarked,0.24537037037037035,5,3,48.0,43.0,"{""Navegna Lago"": 2, ""Ponte Navegna"": 1, ""Panorama, Via dei Colli"": 2}",0.3,True
domain,4,Memory/temporality -> Governance -> Percieved qualities (experiential dimension) -> Landscape characteristics (physical properties),unmarked -> unmarked -> unmarked -> unmarked,0.24351851851851852,4,3,55.25,53.0,"{""Navegna Lago"": 2, ""Ponte Navegna"": 1, ""Panorama, Via dei Colli"": 1}",0.3,True
domain,4,Memory/temporality -> Social dimension -> Memory/temporality -> Memory/temporality,unmarked -> unmarked -> unmarked -> unmarked,0.24305555555555555,5,3,15.6,9.0,"{""Via Mezzaro"": 1, ""Chiesa, Via San Gottardo"": 3, ""Scuola Elementare, Via Frizzi"": 1}",0.3,True
domain,4,Social dimension -> Percieved qualities (experiential dimension) -> Percieved qualities (experiential dimension) -> Landscape characteristics (physical properties),unmarked -> unmarked -> unmarked -> unmarked,0.24074074074074073,4,3,18.25,14.5,"{""Navegna Lago"": 1, ""Ponte Navegna"": 2, ""Chiesa, Via San Gottardo"": 1}",0.3,True
domain,4,Functionality -> Social dimension -> Functionality -> Memory/temporality,unmarked -> unmarked -> unmarked -> unmarked,0.2361111111111111,3,3,16.333333333333332,9.0,"{""Via Mezzaro"": 1, ""Chiesa, Via San Gottardo"": 1, ""Panorama, Via dei Colli"": 1}",0.3,True
domain,4,Percieved qualities (experiential dimension) -> Functionality -> Functionality -> Memory/temporality,unmarked -> unmarked -> unmarked -> unmarked,0.2361111111111111,4,3,30.75,30.0,"{""Navegna Lago"": 2, ""Via Mezzaro"": 1, ""Panorama, Via dei Colli"": 1}",0.3,True
domain,4,Landscape characteristics (physical properties) -> Functionality -> Social dimension -> Percieved qualities (experiential dimension),unmarked -> unmarked -> unmarked -> unmarked,0.2326388888888889,5,3,31.2,22.0,"{""Navegna Lago"": 2, ""Ponte Navegna"": 1, ""Panorama, Via dei Colli"": 2}",0.3,True
domain,4,Landscape characteristics (physical properties) -> Functionality -> Functionality -> Social dimension,unmarked -> unmarked -> unmarked -> unmarked,0.22916666666666666,3,3,19.333333333333332,22.0,"{""Navegna Lago"": 1, ""Chiesa, Via San Gottardo"": 1, ""Panorama, Via dei Colli"": 1}",0.3,True
domain,4,Memory/temporality -> Place identity -> Landscape characteristics (physical properties) -> Percieved qualities (experiential dimension),unmarked -> unmarked -> unmarked -> unmarked,0.22916666666666666,4,3,11.75,10.0,"{""Navegna Lago"": 2, ""After Via dei Colli / Before Mezzaro"": 1, ""Ponte Navegna"": 1}",0.3,True
domain,4,Social dimension -> Landscape characteristics (physical properties) -> Memory/temporality -> Place identity,unmarked -> unmarked -> unmarked -> unmarked,0.22685185185185183,3,3,43.0,58.0,"{""Simen x Paoli"": 1, ""Via Mezzaro"": 1, ""Panorama, Via dei Colli"": 1}",0.3,True
domain,4,Functionality -> Percieved qualities (experiential dimension) -> Social dimension -> Percieved qualities (experiential dimension),unmarked -> unmarked -> unmarked -> unmarked,0.22569444444444442,4,3,37.25,41.5,"{""Navegna Lago"": 1, ""Via Mezzaro"": 1, ""Panorama, Via dei Colli"": 2}",0.3,True
domain,4,Memory/temporality -> Landscape characteristics (physical properties) -> Governance -> Landscape characteristics (physical properties),unmarked -> unmarked -> unmarked -> unmarked,0.22569444444444442,3,3,32.666666666666664,21.0,"{""Via Mezzaro"": 1, ""Ponte Navegna"": 1, ""Panorama, Via dei Colli"": 1}",0.3,True
domain,4,Social dimension -> Place identity -> Memory/temporality -> Memory/temporality,unmarked -> unmarked -> unmarked -> unmarked,0.22395833333333331,3,3,26.666666666666668,6.0,"{""Via Mezzaro"": 1, ""Ponte Navegna"": 1, ""Panorama, Via dei Colli"": 1}",0.3,True
domain,4,Social dimension -> Place identity -> Percieved qualities (experiential dimension) -> Memory/temporality,unmarked -> unmarked -> unmarked -> unmarked,0.22395833333333331,3,3,26.666666666666668,6.0,"{""Via Mezzaro"": 1, ""Ponte Navegna"": 1, ""Panorama, Via dei Colli"": 1}",0.3,True
domain,4,Percieved qualities (experiential dimension) -> Landscape characteristics (physical properties) -> Percieved qualities (experiential dimension) -> Place identity,unmarked -> unmarked -> unmarked -> unmarked,0.2222222222222222,4,3,30.25,11.5,"{""Navegna Lago"": 1, ""After Via dei Colli / Before Mezzaro"": 2, ""Panorama, Via dei Colli"": 1}",0.3,True
domain,4,Social dimension -> Percieved qualities (experiential dimension) -> Memory/temporality -> Memory/temporality,unmarked -> unmarked -> unmarked -> unmarked,0.2222222222222222,3,3,28.666666666666668,12.0,"{""Ponte Navegna"": 1, ""Chiesa, Via San Gottardo"": 1, ""Panorama, Via dei Colli"": 1}",0.3,True
domain,4,Functionality -> Landscape characteristics (physical properties) -> Percieved qualities (experiential dimension) -> Functionality,unmarked -> unmarked -> unmarked -> unmarked,0.21990740740740738,4,3,42.75,25.0,"{""Navegna Lago"": 1, ""Via Mezzaro"": 1, ""Ponte Navegna"": 2}",0.3,True
domain,4,Landscape characteristics (physical properties) -> Percieved qualities (experiential dimension) -> Social dimension -> Percieved qualities (experiential dimension),unmarked -> unmarked -> unmarked -> unmarked,0.21875,4,3,30.75,24.0,"{""Via Mezzaro"": 1, ""Ponte Navegna"": 1, ""Panorama, Via dei Colli"": 2}",0.3,True
domain,4,Memory/temporality -> Percieved qualities (experiential dimension) -> Landscape characteristics (physical properties) -> Functionality,unmarked -> unmarked -> unmarked -> unmarked,0.21527777777777776,4,3,36.0,23.0,"{""Navegna Lago"": 2, ""Via Mezzaro"": 1, ""Chiesa, Via San Gottardo"": 1}",0.3,True
domain,4,Memory/temporality -> Percieved qualities (experiential dimension) -> Landscape characteristics (physical properties) -> Social dimension,unmarked -> unmarked -> unmarked -> unmarked,0.21527777777777776,4,3,37.0,24.0,"{""Navegna Lago"": 1, ""Via Mezzaro"": 1, ""Chiesa, Via San Gottardo"": 2}",0.3,True
domain,4,Functionality -> Percieved qualities (experiential dimension) -> Social dimension -> Functionality,unmarked -> unmarked -> unmarked -> unmarked,0.21180555555555552,4,3,24.75,25.0,"{""Navegna Lago"": 1, ""Via Mezzaro"": 2, ""Panorama, Via dei Colli"": 1}",0.3,True
domain,4,Functionality -> Functionality -> Percieved qualities (experiential dimension) -> Place identity,unmarked -> unmarked -> unmarked -> unmarked,0.20833333333333331,3,3,23.333333333333332,21.0,"{""Navegna Lago"": 1, ""After Via dei Colli / Before Mezzaro"": 1, ""Ponte Navegna"": 1}",0.3,True
domain,4,Landscape characteristics (physical properties) -> Functionality -> Memory/temporality -> Memory/temporality,unmarked -> unmarked -> unmarked -> unmarked,0.20833333333333331,4,3,26.5,22.5,"{""Navegna Lago"": 1, ""Chiesa, Via San Gottardo"": 2, ""Panorama, Via dei Colli"": 1}",0.3,True
domain,4,Memory/temporality -> Memory/temporality -> Memory/temporality -> Functionality,unmarked -> unmarked -> unmarked -> unmarked,0.20833333333333331,5,3,24.0,8.0,"{""Navegna Lago"": 2, ""Via Mezzaro"": 1, ""Chiesa, Via San Gottardo"": 2}",0.3,True
domain,4,Percieved qualities (experiential dimension) -> Functionality -> Memory/temporality -> Memory/temporality,unmarked -> unmarked -> unmarked -> unmarked,0.20833333333333331,3,3,28.666666666666668,25.0,"{""Navegna Lago"": 1, ""Panorama, Via dei Colli"": 1, ""Scuola Elementare, Via Frizzi"": 1}",0.3,True
domain,4,Landscape characteristics (physical properties) -> Functionality -> Memory/temporality -> Percieved qualities (experiential dimension),unmarked -> unmarked -> unmarked -> unmarked,0.2013888888888889,4,3,31.5,25.5,"{""Navegna Lago"": 2, ""Ponte Navegna"": 1, ""Panorama, Via dei Colli"": 1}",0.3,True
domain,4,Social dimension -> Percieved qualities (experiential dimension) -> Memory/temporality -> Percieved qualities (experiential dimension),unmarked -> unmarked -> unmarked -> unmarked,0.2013888888888889,4,3,17.5,6.0,"{""Via Mezzaro"": 2, ""Ponte Navegna"": 1, ""Panorama, Via dei Colli"": 1}",0.3,True
domain,4,Percieved qualities (experiential dimension) -> Landscape characteristics (physical properties) -> Percieved qualities (experiential dimension) -> Social dimension,unmarked -> unmarked -> unmarked -> unmarked,0.20138888888888887,4,3,45.75,54.5,"{""Navegna Lago"": 1, ""Via Mezzaro"": 1, ""Panorama, Via dei Colli"": 2}",0.3,True
domain,4,Percieved qualities (experiential dimension) -> Governance -> Memory/temporality -> Memory/temporality,unmarked -> unmarked -> unmarked -> unmarked,0.19618055555555555,4,3,17.25,15.0,"{""Navegna Lago"": 2, ""Via Mezzaro"": 1, ""Ponte Navegna"": 1}",0.3,True
domain,4,Percieved qualities (experiential dimension) -> Governance -> Percieved qualities (experiential dimension) -> Memory/temporality,unmarked -> unmarked -> unmarked -> unmarked,0.19618055555555555,4,3,17.25,15.0,"{""Navegna Lago"": 2, ""Via Mezzaro"": 1, ""Ponte Navegna"": 1}",0.3,True
domain,4,Functionality -> Memory/temporality -> Place identity -> Landscape characteristics (physical properties),unmarked -> unmarked -> unmarked -> unmarked,0.19444444444444442,3,3,19.333333333333332,14.0,"{""Navegna Lago"": 1, ""After Via dei Colli / Before Mezzaro"": 1, ""Ponte Navegna"": 1}",0.3,True
domain,4,Functionality -> Memory/temporality -> Place identity -> Percieved qualities (experiential dimension),unmarked -> unmarked -> unmarked -> unmarked,0.19444444444444442,3,3,19.333333333333332,14.0,"{""Navegna Lago"": 1, ""After Via dei Colli / Before Mezzaro"": 1, ""Ponte Navegna"": 1}",0.3,True
domain,4,Governance -> Memory/temporality -> Percieved qualities (experiential dimension) -> Landscape characteristics (physical properties),unmarked -> unmarked -> unmarked -> unmarked,0.19444444444444442,3,3,66.66666666666667,46.0,"{""Navegna Lago"": 1, ""Ponte Navegna"": 1, ""Panorama, Via dei Colli"": 1}",0.3,True
domain,4,Percieved qualities (experiential dimension) -> Memory/temporality -> Landscape characteristics (physical properties) -> Place identity,unmarked -> unmarked -> unmarked -> unmarked,0.19290123456790123,3,3,37.666666666666664,15.0,"{""Navegna Lago"": 1, ""Via Mezzaro"": 1, ""Panorama, Via dei Colli"": 1}",0.3,True
domain,4,Percieved qualities (experiential dimension) -> Social dimension -> Percieved qualities (experiential dimension) -> Functionality,unmarked -> unmarked -> unmarked -> unmarked,0.19212962962962962,4,3,18.0,5.5,"{""Via Mezzaro"": 2, ""Ponte Navegna"": 1, ""Panorama, Via dei Colli"": 1}",0.3,True
domain,4,Governance -> Percieved qualities (experiential dimension) -> Memory/temporality -> Functionality,unmarked -> unmarked -> unmarked -> unmarked,0.1875,4,3,48.0,15.5,"{""Navegna Lago"": 1, ""Via Mezzaro"": 1, ""Ponte Navegna"": 2}",0.3,True
domain,4,Memory/temporality -> Functionality -> Landscape characteristics (physical properties) -> Memory/temporality,unmarked -> unmarked -> unmarked -> unmarked,0.1875,3,3,16.333333333333332,17.0,"{""Navegna Lago"": 1, ""Ponte Navegna"": 1, ""Chiesa, Via San Gottardo"": 1}",0.3,True
domain,4,Percieved qualities (experiential dimension) -> Memory/temporality -> Memory/temporality -> Social dimension,unmarked -> unmarked -> unmarked -> unmarked,0.1875,4,3,69.0,73.0,"{""Navegna Lago"": 1, ""Panorama, Via dei Colli"": 2, ""Scuola Elementare, Via Frizzi"": 1}",0.3,True
domain,4,Memory/temporality -> Percieved qualities (experiential dimension) -> Place identity -> Landscape characteristics (physical properties),unmarked -> unmarked -> unmarked -> unmarked,0.18402777777777776,4,3,45.25,34.5,"{""Via Mezzaro"": 1, ""Ponte Navegna"": 1, ""Panorama, Via dei Colli"": 2}",0.3,True
domain,4,Landscape characteristics (physical properties) -> Governance -> Percieved qualities (experiential dimension) -> Memory/temporality,unmarked -> unmarked -> unmarked -> unmarked,0.18229166666666666,4,3,21.25,23.0,"{""Navegna Lago"": 1, ""Via Mezzaro"": 1, ""Ponte Navegna"": 2}",0.3,True
domain,4,Functionality -> Social dimension -> Percieved qualities (experiential dimension) -> Functionality,unmarked -> unmarked -> unmarked -> unmarked,0.18171296296296297,5,3,19.2,12.0,"{""Via Mezzaro"": 3, ""Ponte Navegna"": 1, ""Panorama, Via dei Colli"": 1}",0.3,True
domain,4,Governance -> Percieved qualities (experiential dimension) -> Landscape characteristics (physical properties) -> Memory/temporality,unmarked -> unmarked -> unmarked -> unmarked,0.18055555555555555,4,3,25.0,25.0,"{""Via Mezzaro"": 1, ""Ponte Navegna"": 2, ""Panorama, Via dei Colli"": 1}",0.3,True
domain,4,Landscape characteristics (physical properties) -> Memory/temporality -> Landscape characteristics (physical properties) -> Functionality,unmarked -> unmarked -> unmarked -> unmarked,0.18055555555555555,3,3,24.333333333333332,9.0,"{""Ponte Navegna"": 1, ""Chiesa, Via San Gottardo"": 1, ""Panorama, Via dei Colli"": 1}",0.3,True
domain,4,Landscape characteristics (physical properties) -> Memory/temporality -> Governance -> Landscape characteristics (physical properties),unmarked -> unmarked -> unmarked -> unmarked,0.17129629629629628,4,3,37.25,39.0,"{""Navegna Lago"": 1, ""Ponte Navegna"": 1, ""Panorama, Via dei Colli"": 2}",0.3,True
domain,4,Governance -> Place identity -> Percieved qualities (experiential dimension) -> Percieved qualities (experiential dimension),unmarked -> unmarked -> unmarked -> unmarked,0.16666666666666666,3,3,11.333333333333334,8.0,"{""After Via dei Colli / Before Mezzaro"": 1, ""Ponte Navegna"": 1, ""Panorama, Via dei Colli"": 1}",0.3,True
domain,4,Functionality -> Functionality -> Landscape characteristics (physical properties) -> Functionality,unmarked -> unmarked -> unmarked -> unmarked,0.16435185185185186,4,3,10.75,8.0,"{""Via Mezzaro"": 1, ""Ponte Navegna"": 2, ""Chiesa, Via San Gottardo"": 1}",0.3,True
domain,4,Functionality -> Landscape characteristics (physical properties) -> Landscape characteristics (physical properties) -> Functionality,unmarked -> unmarked -> unmarked -> unmarked,0.16435185185185186,3,3,48.333333333333336,24.0,"{""Navegna Lago"": 1, ""Ponte Navegna"": 1, ""Chiesa, Via San Gottardo"": 1}",0.3,True
domain,4,Social dimension -> Percieved qualities (experiential dimension) -> Functionality -> Percieved qualities (experiential dimension),unmarked -> unmarked -> unmarked -> unmarked,0.16435185185185186,4,3,12.75,9.0,"{""Via Mezzaro"": 2, ""Ponte Navegna"": 1, ""Panorama, Via dei Colli"": 1}",0.3,True
domain,4,Functionality -> Memory/temporality -> Percieved qualities (experiential dimension) -> Functionality,unmarked -> unmarked -> unmarked -> unmarked,0.1597222222222222,3,3,36.0,35.0,"{""Via Mezzaro"": 1, ""Ponte Navegna"": 1, ""Panorama, Via dei Colli"": 1}",0.3,True
domain,4,Functionality -> Memory/temporality -> Place identity -> Functionality,unmarked -> unmarked -> unmarked -> unmarked,0.1597222222222222,3,3,36.0,35.0,"{""Via Mezzaro"": 1, ""Ponte Navegna"": 1, ""Panorama, Via dei Colli"": 1}",0.3,True
domain,4,Memory/temporality -> Social dimension -> Memory/temporality -> Social dimension,unmarked -> unmarked -> unmarked -> unmarked,0.1597222222222222,3,3,24.333333333333332,18.0,"{""Via Mezzaro"": 1, ""Chiesa, Via San Gottardo"": 1, ""Scuola Elementare, Via Frizzi"": 1}",0.3,True
domain,4,Percieved qualities (experiential dimension) -> Memory/temporality -> Percieved qualities (experiential dimension) -> Place identity,unmarked -> unmarked -> unmarked -> unmarked,0.1597222222222222,4,3,40.75,35.5,"{""Via Mezzaro"": 1, ""Ponte Navegna"": 1, ""Panorama, Via dei Colli"": 2}",0.3,True
domain,4,Landscape characteristics (physical properties) -> Memory/temporality -> Landscape characteristics (physical properties) -> Place identity,unmarked -> unmarked -> unmarked -> unmarked,0.1558641975308642,3,3,29.0,15.0,"{""Navegna Lago"": 1, ""Via Mezzaro"": 1, ""Panorama, Via dei Colli"": 1}",0.3,True
domain,4,Landscape characteristics (physical properties) -> Governance -> Percieved qualities (experiential dimension) -> Percieved qualities (experiential dimension),unmarked -> unmarked -> unmarked -> unmarked,0.15555555555555556,3,3,44.666666666666664,26.0,"{""Navegna Lago"": 1, ""Ponte Navegna"": 1, ""Panorama, Via dei Colli"": 1}",0.3,True
domain,4,Landscape characteristics (physical properties) -> Governance -> Governance -> Percieved qualities (experiential dimension),unmarked -> unmarked -> unmarked -> unmarked,0.15401234567901234,4,3,29.75,12.0,"{""Navegna Lago"": 2, ""Via Mezzaro"": 1, ""Ponte Navegna"": 1}",0.3,True
domain,4,Functionality -> Social dimension -> Place identity -> Functionality,unmarked -> unmarked -> unmarked -> unmarked,0.15393518518518517,4,3,22.0,13.5,"{""Via Mezzaro"": 2, ""Ponte Navegna"": 1, ""Panorama, Via dei Colli"": 1}",0.3,True
domain,4,Social dimension -> Memory/temporality -> Percieved qualities (experiential dimension) -> Functionality,unmarked -> unmarked -> unmarked -> unmarked,0.15277777777777776,3,3,16.333333333333332,7.0,"{""Via Mezzaro"": 1, ""Chiesa, Via San Gottardo"": 1, ""Panorama, Via dei Colli"": 1}",0.3,True
domain,4,Percieved qualities (experiential dimension) -> Governance -> Governance -> Memory/temporality,unmarked -> unmarked -> unmarked -> unmarked,0.15123456790123457,3,3,16.0,9.0,"{""Navegna Lago"": 1, ""Via Mezzaro"": 1, ""Ponte Navegna"": 1}",0.3,True
domain,4,Governance -> Memory/temporality -> Memory/temporality -> Functionality,unmarked -> unmarked -> unmarked -> unmarked,0.14583333333333331,3,3,55.666666666666664,6.0,"{""Navegna Lago"": 1, ""Via Mezzaro"": 1, ""Ponte Navegna"": 1}",0.3,True
domain,4,Memory/temporality -> Memory/temporality -> Functionality -> Functionality,unmarked -> unmarked -> unmarked -> unmarked,0.14583333333333331,3,3,34.333333333333336,40.0,"{""Navegna Lago"": 1, ""Chiesa, Via San Gottardo"": 1, ""Panorama, Via dei Colli"": 1}",0.3,True
domain,4,Functionality -> Functionality -> Percieved qualities (experiential dimension) -> Landscape characteristics (physical properties),unmarked -> unmarked -> unmarked -> unmarked,0.1435185185185185,3,3,18.666666666666668,17.0,"{""Navegna Lago"": 1, ""After Via dei Colli / Before Mezzaro"": 1, ""Ponte Navegna"": 1}",0.3,True
domain,4,Landscape characteristics (physical properties) -> Governance -> Memory/temporality -> Place identity,unmarked -> unmarked -> unmarked -> unmarked,0.140625,3,3,20.0,21.0,"{""Navegna Lago"": 1, ""Via Mezzaro"": 1, ""Ponte Navegna"": 1}",0.3,True
domain,4,Percieved qualities (experiential dimension) -> Governance -> Memory/temporality -> Place identity,unmarked -> unmarked -> unmarked -> unmarked,0.140625,3,3,20.0,21.0,"{""Navegna Lago"": 1, ""Via Mezzaro"": 1, ""Ponte Navegna"": 1}",0.3,True
domain,4,Governance -> Place identity -> Percieved qualities (experiential dimension) -> Landscape characteristics (physical properties),unmarked -> unmarked -> unmarked -> unmarked,0.1388888888888889,3,3,60.666666666666664,26.0,"{""After Via dei Colli / Before Mezzaro"": 1, ""Ponte Navegna"": 1, ""Panorama, Via dei Colli"": 1}",0.3,True
domain,4,Functionality -> Landscape characteristics (physical properties) -> Memory/temporality -> Memory/temporality,unmarked -> unmarked -> unmarked -> unmarked,0.13194444444444445,3,3,20.666666666666668,24.0,"{""Navegna Lago"": 1, ""Chiesa, Via San Gottardo"": 1, ""Panorama, Via dei Colli"": 1}",0.3,True
domain,4,Functionality -> Social dimension -> Landscape characteristics (physical properties) -> Percieved qualities (experiential dimension),unmarked -> unmarked -> unmarked -> unmarked,0.12962962962962962,3,3,79.33333333333333,8.0,"{""Simen x Paoli"": 1, ""Via Mezzaro"": 1, ""Ponte Navegna"": 1}",0.3,True
domain,4,Landscape characteristics (physical properties) -> Governance -> Functionality -> Percieved qualities (experiential dimension),unmarked -> unmarked -> unmarked -> unmarked,0.12777777777777777,3,3,37.0,21.0,"{""Navegna Lago"": 1, ""Via Mezzaro"": 1, ""Ponte Navegna"": 1}",0.3,True
domain,4,Percieved qualities (experiential dimension) -> Memory/temporality -> Place identity -> Functionality,unmarked -> unmarked -> unmarked -> unmarked,0.125,3,3,23.333333333333332,9.0,"{""Navegna Lago"": 1, ""Via Mezzaro"": 1, ""Panorama, Via dei Colli"": 1}",0.3,True
domain,4,Social dimension -> Memory/temporality -> Percieved qualities (experiential dimension) -> Landscape characteristics (physical properties),unmarked -> unmarked -> unmarked -> unmarked,0.125,3,3,17.666666666666668,12.0,"{""Navegna Lago"": 1, ""Via Mezzaro"": 1, ""Chiesa, Via San Gottardo"": 1}",0.3,True
domain,4,Percieved qualities (experiential dimension) -> Place identity -> Landscape characteristics (physical properties) -> Percieved qualities (experiential dimension),unmarked -> unmarked -> unmarked -> unmarked,0.12345679012345678,3,3,11.333333333333334,8.0,"{""After Via dei Colli / Before Mezzaro"": 1, ""Via Mezzaro"": 1, ""Ponte Navegna"": 1}",0.3,True
domain,4,Memory/temporality -> Landscape characteristics (physical properties) -> Governance -> Percieved qualities (experiential dimension),unmarked -> unmarked -> unmarked -> unmarked,0.11689814814814814,4,3,50.25,57.0,"{""Navegna Lago"": 1, ""Via Mezzaro"": 1, ""Panorama, Via dei Colli"": 2}",0.3,True
domain,4,Landscape characteristics (physical properties) -> Governance -> Governance -> Place identity,unmarked -> unmarked -> unmarked -> unmarked,0.11419753086419752,3,3,35.0,33.0,"{""Via Mezzaro"": 1, ""Ponte Navegna"": 1, ""Panorama, Via dei Colli"": 1}",0.3,True
domain,4,Landscape characteristics (physical properties) -> Memory/temporality -> Governance -> Place identity,unmarked -> unmarked -> unmarked -> unmarked,0.11419753086419752,3,3,43.0,57.0,"{""Simen x Paoli"": 1, ""Via Mezzaro"": 1, ""Panorama, Via dei Colli"": 1}",0.3,True
domain,4,Memory/temporality -> Place identity -> Landscape characteristics (physical properties) -> Place identity,unmarked -> unmarked -> unmarked -> unmarked,0.1111111111111111,3,3,16.666666666666668,12.0,"{""Navegna Lago"": 1, ""After Via dei Colli / Before Mezzaro"": 1, ""Ponte Navegna"": 1}",0.3,True
domain,4,Memory/temporality -> Place identity -> Percieved qualities (experiential dimension) -> Place identity,unmarked -> unmarked -> unmarked -> unmarked,0.1111111111111111,3,3,16.666666666666668,12.0,"{""Navegna Lago"": 1, ""After Via dei Colli / Before Mezzaro"": 1, ""Ponte Navegna"": 1}",0.3,True
domain,4,Governance -> Landscape characteristics (physical properties) -> Landscape characteristics (physical properties) -> Percieved qualities (experiential dimension),unmarked -> unmarked -> unmarked -> unmarked,0.10648148148148148,3,3,33.0,25.0,"{""After Via dei Colli / Before Mezzaro"": 1, ""Ponte Navegna"": 1, ""Panorama, Via dei Colli"": 1}",0.3,True
domain,4,Landscape characteristics (physical properties) -> Memory/temporality -> Memory/temporality -> Social dimension,unmarked -> unmarked -> unmarked -> unmarked,0.09722222222222222,3,3,42.333333333333336,40.0,"{""Chiesa, Via San Gottardo"": 1, ""Panorama, Via dei Colli"": 1, ""Scuola Elementare, Via Frizzi"": 1}",0.3,True
domain,4,Place identity -> Percieved qualities (experiential dimension) -> Place identity -> Landscape characteristics (physical properties),unmarked -> unmarked -> unmarked -> unmarked,0.09722222222222221,3,3,25.666666666666668,24.0,"{""Navegna Lago"": 1, ""After Via dei Colli / Before Mezzaro"": 1, ""Ponte Navegna"": 1}",0.3,True
domain,4,Percieved qualities (experiential dimension) -> Social dimension -> Place identity -> Landscape characteristics (physical properties),unmarked -> unmarked -> unmarked -> unmarked,0.0949074074074074,3,3,18.0,3.0,"{""Via Mezzaro"": 1, ""Ponte Navegna"": 1, ""Panorama, Via dei Colli"": 1}",0.3,True
domain,4,Memory/temporality -> Percieved qualities (experiential dimension) -> Governance -> Percieved qualities (experiential dimension),unmarked -> unmarked -> unmarked -> unmarked,0.08912037037037036,3,3,47.0,54.0,"{""Navegna Lago"": 1, ""Via Mezzaro"": 1, ""Panorama, Via dei Colli"": 1}",0.3,True
domain,4,Landscape characteristics (physical properties) -> Social dimension -> Percieved qualities (experiential dimension) -> Percieved qualities (experiential dimension),unmarked -> unmarked -> unmarked -> unmarked,0.08333333333333333,3,3,14.0,15.0,"{""Navegna Lago"": 1, ""Via Mezzaro"": 1, ""Chiesa, Via San Gottardo"": 1}",0.3,True
domain,4,Percieved qualities (experiential dimension) -> Social dimension -> Place identity -> Functionality,unmarked -> unmarked -> unmarked -> unmarked,0.08101851851851852,3,3,21.333333333333332,3.0,"{""Via Mezzaro"": 1, ""Ponte Navegna"": 1, ""Panorama, Via dei Colli"": 1}",0.3,True
domain,4,Place identity -> Memory/temporality -> Memory/temporality -> Landscape characteristics (physical properties),unmarked -> unmarked -> unmarked -> unmarked,1.6041666666666667,5,2,25.0,15.0,"{""Via Mezzaro"": 3, ""Panorama, Via dei Colli"": 2}",0.2,True
domain,4,Landscape characteristics (physical properties) -> Functionality -> Functionality -> Functionality,unmarked -> unmarked -> unmarked -> unmarked,1.2777777777777777,3,2,6.0,8.0,"{""Via Mezzaro"": 2, ""Panorama, Via dei Colli"": 1}",0.2,True
domain,4,Functionality -> Functionality -> Governance -> Percieved qualities (experiential dimension),unmarked -> unmarked -> unmarked -> unmarked,1.2708333333333333,4,2,83.25,40.0,"{""Navegna Lago"": 2, ""Simen x Paoli"": 2}",0.2,True
domain,4,Social dimension -> Landscape characteristics (physical properties) -> Landscape characteristics (physical properties) -> Social dimension,unmarked -> unmarked -> unmarked -> unmarked,1.25,2,2,9.5,9.5,"{""Panorama, Via dei Colli"": 1, ""Scuola Elementare, Via Frizzi"": 1}",0.2,True
domain,4,Memory/temporality -> Memory/temporality -> Social dimension -> Social dimension,unmarked -> unmarked -> unmarked -> unmarked,1.1666666666666667,2,2,33.5,33.5,"{""Crocifisso"": 1, ""Simen x Paoli"": 1}",0.2,True
domain,4,Landscape characteristics (physical properties) -> Percieved qualities (experiential dimension) -> Functionality -> Functionality,unmarked -> unmarked -> unmarked -> unmarked,1.1458333333333333,3,2,21.333333333333332,30.0,"{""Via Mezzaro"": 1, ""Ponte Navegna"": 2}",0.2,True
domain,4,Memory/temporality -> Place identity -> Memory/temporality -> Memory/temporality,unmarked -> unmarked -> unmarked -> unmarked,1.125,2,2,25.5,25.5,"{""Via Mezzaro"": 1, ""Chiesa, Via San Gottardo"": 1}",0.2,True
domain,4,Percieved qualities (experiential dimension) -> Functionality -> Functionality -> Governance,unmarked -> unmarked -> unmarked -> unmarked,1.0833333333333333,2,2,27.0,27.0,"{""Navegna Lago"": 1, ""Simen x Paoli"": 1}",0.2,True
domain,4,Social dimension -> Social dimension -> Functionality -> Landscape characteristics (physical properties),unmarked -> unmarked -> unmarked -> unmarked,1.0277777777777777,3,2,26.0,30.0,"{""Mulino San Martino / Parco Vicolo della Roggia"": 1, ""Panorama, Via dei Colli"": 2}",0.2,True
domain,4,Memory/temporality -> Percieved qualities (experiential dimension) -> Memory/temporality -> Memory/temporality,unmarked -> unmarked -> unmarked -> unmarked,0.9166666666666666,10,2,23.0,21.0,"{""Ponte Navegna"": 2, ""Chiesa, Via San Gottardo"": 8}",0.2,True
domain,4,Functionality -> Governance -> Percieved qualities (experiential dimension) -> Landscape characteristics (physical properties),unmarked -> unmarked -> unmarked -> unmarked,0.875,3,2,37.0,36.0,"{""Navegna Lago"": 2, ""Simen x Paoli"": 1}",0.2,True
domain,4,Landscape characteristics (physical properties) -> Functionality -> Landscape characteristics (physical properties) -> Functionality,unmarked -> unmarked -> unmarked -> unmarked,0.8611111111111112,5,2,12.6,10.0,"{""Via Mezzaro"": 1, ""Ponte Navegna"": 4}",0.2,True
domain,4,Landscape characteristics (physical properties) -> Functionality -> Landscape characteristics (physical properties) -> Social dimension,unmarked -> unmarked -> unmarked -> unmarked,0.8333333333333334,3,2,13.333333333333334,12.0,"{""Ponte Navegna"": 2, ""Panorama, Via dei Colli"": 1}",0.2,True
domain,4,Social dimension -> Social dimension -> Social dimension -> Functionality,unmarked -> unmarked -> unmarked -> unmarked,0.7777777777777778,4,2,28.25,28.0,"{""Mulino San Martino / Parco Vicolo della Roggia"": 1, ""Panorama, Via dei Colli"": 3}",0.2,True
domain,4,Functionality -> Functionality -> Place identity -> Memory/temporality,unmarked -> unmarked -> unmarked -> unmarked,0.75,3,2,29.333333333333332,29.0,"{""Via Mezzaro"": 2, ""Panorama, Via dei Colli"": 1}",0.2,True
domain,4,Functionality -> Landscape characteristics (physical properties) -> Percieved qualities (experiential dimension) -> Memory/temporality,unmarked -> unmarked -> unmarked -> unmarked,0.75,2,2,8.5,8.5,"{""Mulino San Martino / Parco Vicolo della Roggia"": 1, ""Ponte Navegna"": 1}",0.2,True
domain,4,Functionality -> Landscape characteristics (physical properties) -> Social dimension -> Social dimension,unmarked -> unmarked -> unmarked -> unmarked,0.75,3,2,8.666666666666666,8.0,"{""Ponte Navegna"": 1, ""Panorama, Via dei Colli"": 2}",0.2,True
domain,4,Landscape characteristics (physical properties) -> Place identity -> Place identity -> Functionality,unmarked -> unmarked -> unmarked -> unmarked,0.75,2,2,28.0,28.0,"{""Via Mezzaro"": 1, ""Ponte Navegna"": 1}",0.2,True
domain,4,Memory/temporality -> Governance -> Memory/temporality -> Memory/temporality,unmarked -> unmarked -> unmarked -> unmarked,0.75,2,2,36.0,36.0,"{""Navegna Lago"": 1, ""Simen x Paoli"": 1}",0.2,True
domain,4,Memory/temporality -> Memory/temporality -> Memory/temporality -> Place identity,unmarked -> unmarked -> unmarked -> unmarked,0.75,2,2,33.0,33.0,"{""Mulino San Martino / Parco Vicolo della Roggia"": 1, ""Chiesa, Via San Gottardo"": 1}",0.2,True
domain,4,Memory/temporality -> Place identity -> Memory/temporality -> Place identity,unmarked -> unmarked -> unmarked -> unmarked,0.75,2,2,12.0,12.0,"{""Simen x Paoli"": 1, ""Ponte Navegna"": 1}",0.2,True
domain,4,Percieved qualities (experiential dimension) -> Memory/temporality -> Governance -> Governance,unmarked -> unmarked -> unmarked -> unmarked,0.75,2,2,98.0,98.0,"{""Navegna Lago"": 1, ""Simen x Paoli"": 1}",0.2,True
domain,4,Social dimension -> Social dimension -> Landscape characteristics (physical properties) -> Landscape characteristics (physical properties),unmarked -> unmarked -> unmarked -> unmarked,0.75,2,2,20.0,20.0,"{""Ponte Navegna"": 1, ""Scuola Elementare, Via Frizzi"": 1}",0.2,True
domain,4,Landscape characteristics (physical properties) -> Landscape characteristics (physical properties) -> Functionality -> Landscape characteristics (physical properties),unmarked -> unmarked -> unmarked -> unmarked,0.7476851851851851,5,2,24.0,9.0,"{""Navegna Lago"": 1, ""Ponte Navegna"": 4}",0.2,True
domain,4,Functionality -> Landscape characteristics (physical properties) -> Landscape characteristics (physical properties) -> Governance,unmarked -> unmarked -> unmarked -> unmarked,0.7256944444444444,4,2,17.75,15.0,"{""Navegna Lago"": 1, ""Panorama, Via dei Colli"": 3}",0.2,True
domain,4,Landscape characteristics (physical properties) -> Landscape characteristics (physical properties) -> Memory/temporality -> Place identity,unmarked -> unmarked -> unmarked -> unmarked,0.7222222222222222,3,2,78.0,97.0,"{""Navegna Lago"": 2, ""Simen x Paoli"": 1}",0.2,True
domain,4,Memory/temporality -> Governance -> Governance -> Percieved qualities (experiential dimension),unmarked -> unmarked -> unmarked -> unmarked,0.6537037037037037,4,2,57.0,56.5,"{""Navegna Lago"": 3, ""Panorama, Via dei Colli"": 1}",0.2,True
domain,4,Landscape characteristics (physical properties) -> Functionality -> Percieved qualities (experiential dimension) -> Landscape characteristics (physical properties),unmarked -> unmarked -> unmarked -> unmarked,0.6527777777777778,6,2,21.5,20.0,"{""Navegna Lago"": 4, ""Ponte Navegna"": 2}",0.2,True
domain,4,Memory/temporality -> Landscape characteristics (physical properties) -> Percieved qualities (experiential dimension) -> Governance,unmarked -> unmarked -> unmarked -> unmarked,0.6527777777777778,5,2,28.2,27.0,"{""Navegna Lago"": 4, ""Panorama, Via dei Colli"": 1}",0.2,True
domain,4,Landscape characteristics (physical properties) -> Functionality -> Functionality -> Place identity,unmarked -> unmarked -> unmarked -> unmarked,0.638888888888889,3,2,10.333333333333334,8.0,"{""Ponte Navegna"": 1, ""Panorama, Via dei Colli"": 2}",0.2,True
domain,4,Governance -> Percieved qualities (experiential dimension) -> Functionality -> Functionality,unmarked -> unmarked -> unmarked -> unmarked,0.6111111111111112,4,2,32.5,32.0,"{""Navegna Lago"": 3, ""Mulino San Martino / Parco Vicolo della Roggia"": 1}",0.2,True
domain,4,Landscape characteristics (physical properties) -> Landscape characteristics (physical properties) -> Social dimension -> Social dimension,unmarked -> unmarked -> unmarked -> unmarked,0.6041666666666666,4,2,28.0,19.0,"{""Navegna Lago"": 1, ""Panorama, Via dei Colli"": 3}",0.2,True
domain,4,Memory/temporality -> Governance -> Governance -> Memory/temporality,unmarked -> unmarked -> unmarked -> unmarked,0.6,2,2,50.0,50.0,"{""Navegna Lago"": 1, ""Simen x Paoli"": 1}",0.2,True
domain,4,Landscape characteristics (physical properties) -> Functionality -> Social dimension -> Functionality,unmarked -> unmarked -> unmarked -> unmarked,0.59375,3,2,30.333333333333332,30.0,"{""Chiesa, Via San Gottardo"": 1, ""Panorama, Via dei Colli"": 2}",0.2,True
domain,4,Functionality -> Governance -> Percieved qualities (experiential dimension) -> Percieved qualities (experiential dimension),unmarked -> unmarked -> unmarked -> unmarked,0.5833333333333333,3,2,56.666666666666664,42.0,"{""Simen x Paoli"": 2, ""Panorama, Via dei Colli"": 1}",0.2,True
domain,4,Memory/temporality -> Functionality -> Percieved qualities (experiential dimension) -> Functionality,unmarked -> unmarked -> unmarked -> unmarked,0.5833333333333333,4,2,6.75,5.0,"{""Via Mezzaro"": 2, ""Chiesa, Via San Gottardo"": 2}",0.2,True
domain,4,Memory/temporality -> Percieved qualities (experiential dimension) -> Memory/temporality -> Governance,unmarked -> unmarked -> unmarked -> unmarked,0.5833333333333333,2,2,17.0,17.0,"{""Navegna Lago"": 1, ""Ponte Navegna"": 1}",0.2,True
domain,4,Place identity -> Landscape characteristics (physical properties) -> Place identity -> Place identity,unmarked -> unmarked -> unmarked -> unmarked,0.5694444444444444,3,2,26.333333333333332,26.0,"{""After Via dei Colli / Before Mezzaro"": 1, ""Ponte Navegna"": 2}",0.2,True
domain,4,Governance -> Percieved qualities (experiential dimension) -> Landscape characteristics (physical properties) -> Place identity,unmarked -> unmarked -> unmarked -> unmarked,0.5555555555555556,2,2,19.5,19.5,"{""Navegna Lago"": 1, ""Via Mezzaro"": 1}",0.2,True
domain,4,Governance -> Percieved qualities (experiential dimension) -> Percieved qualities (experiential dimension) -> Place identity,unmarked -> unmarked -> unmarked -> unmarked,0.5555555555555556,2,2,19.5,19.5,"{""Navegna Lago"": 1, ""Via Mezzaro"": 1}",0.2,True
domain,4,Percieved qualities (experiential dimension) -> Social dimension -> Social dimension -> Functionality,unmarked -> unmarked -> unmarked -> unmarked,0.5555555555555556,2,2,14.5,14.5,"{""Mulino San Martino / Parco Vicolo della Roggia"": 1, ""Via Mezzaro"": 1}",0.2,True
domain,4,Percieved qualities (experiential dimension) -> Social dimension -> Social dimension -> Landscape characteristics (physical properties),unmarked -> unmarked -> unmarked -> unmarked,0.5555555555555556,2,2,10.5,10.5,"{""Via Mezzaro"": 1, ""Scuola Elementare, Via Frizzi"": 1}",0.2,True
domain,4,Functionality -> Landscape characteristics (physical properties) -> Place identity -> Memory/temporality,unmarked -> unmarked -> unmarked -> unmarked,0.5416666666666666,2,2,9.0,9.0,"{""Navegna Lago"": 1, ""Mulino San Martino / Parco Vicolo della Roggia"": 1}",0.2,True
domain,4,Governance -> Governance -> Landscape characteristics (physical properties) -> Functionality,unmarked -> unmarked -> unmarked -> unmarked,0.5416666666666666,2,2,38.5,38.5,"{""Navegna Lago"": 1, ""Ponte Navegna"": 1}",0.2,True
domain,4,Functionality -> Landscape characteristics (physical properties) -> Percieved qualities (experiential dimension) -> Governance,unmarked -> unmarked -> unmarked -> unmarked,0.53125,2,2,6.0,6.0,"{""Via Mezzaro"": 1, ""Panorama, Via dei Colli"": 1}",0.2,True
domain,4,Landscape characteristics (physical properties) -> Memory/temporality -> Functionality -> Governance,unmarked -> unmarked -> unmarked -> unmarked,0.53125,2,2,21.0,21.0,"{""Navegna Lago"": 1, ""Panorama, Via dei Colli"": 1}",0.2,True
domain,4,Social dimension -> Social dimension -> Memory/temporality -> Memory/temporality,unmarked -> unmarked -> unmarked -> unmarked,0.5277777777777778,2,2,14.0,14.0,"{""Crocifisso"": 1, ""Via Mezzaro"": 1}",0.2,True
domain,4,Memory/temporality -> Place identity -> Functionality -> Functionality,unmarked -> unmarked -> unmarked -> unmarked,0.5208333333333333,3,2,16.333333333333332,15.0,"{""Simen x Paoli"": 1, ""Via Mezzaro"": 2}",0.2,True
domain,4,Landscape characteristics (physical properties) -> Landscape characteristics (physical properties) -> Landscape characteristics (physical properties) -> Governance,unmarked -> unmarked -> unmarked -> unmarked,0.517361111111111,5,2,18.8,13.0,"{""Ponte Navegna"": 3, ""Panorama, Via dei Colli"": 2}",0.2,True
domain,4,Social dimension -> Percieved qualities (experiential dimension) -> Social dimension -> Memory/temporality,unmarked -> unmarked -> unmarked -> unmarked,0.5138888888888888,2,2,40.5,40.5,"{""Simen x Paoli"": 1, ""Chiesa, Via San Gottardo"": 1}",0.2,True
domain,4,Percieved qualities (experiential dimension) -> Memory/temporality -> Place identity -> Memory/temporality,unmarked -> unmarked -> unmarked -> unmarked,0.5123456790123457,3,2,18.333333333333332,17.0,"{""Via Mezzaro"": 1, ""Ponte Navegna"": 2}",0.2,True
domain,4,Functionality -> Percieved qualities (experiential dimension) -> Memory/temporality -> Functionality,unmarked -> unmarked -> unmarked -> unmarked,0.5,2,2,9.0,9.0,"{""Via Mezzaro"": 1, ""Chiesa, Via San Gottardo"": 1}",0.2,True
domain,4,Functionality -> Percieved qualities (experiential dimension) -> Memory/temporality -> Landscape characteristics (physical properties),unmarked -> unmarked -> unmarked -> unmarked,0.5,2,2,9.0,9.0,"{""Via Mezzaro"": 1, ""Chiesa, Via San Gottardo"": 1}",0.2,True
domain,4,Governance -> Percieved qualities (experiential dimension) -> Functionality -> Landscape characteristics (physical properties),unmarked -> unmarked -> unmarked -> unmarked,0.5,4,2,27.5,18.5,"{""Navegna Lago"": 3, ""Simen x Paoli"": 1}",0.2,True
domain,4,Landscape characteristics (physical properties) -> Social dimension -> Social dimension -> Social dimension,unmarked -> unmarked -> unmarked -> unmarked,0.5,2,2,15.0,15.0,"{""Ponte Navegna"": 1, ""Panorama, Via dei Colli"": 1}",0.2,True
domain,4,Percieved qualities (experiential dimension) -> Functionality -> Landscape characteristics (physical properties) -> Governance,unmarked -> unmarked -> unmarked -> unmarked,0.5,3,2,18.0,11.0,"{""Navegna Lago"": 2, ""Simen x Paoli"": 1}",0.2,True
domain,4,Percieved qualities (experiential dimension) -> Percieved qualities (experiential dimension) -> Place identity -> Memory/temporality,unmarked -> unmarked -> unmarked -> unmarked,0.5,4,2,19.5,21.0,"{""Navegna Lago"": 3, ""Panorama, Via dei Colli"": 1}",0.2,True
domain,4,Place identity -> Functionality -> Memory/temporality -> Social dimension,unmarked -> unmarked -> unmarked -> unmarked,0.5,3,2,10.0,9.0,"{""Simen x Paoli"": 1, ""Via Mezzaro"": 2}",0.2,True
domain,4,Place identity -> Functionality -> Social dimension -> Social dimension,unmarked -> unmarked -> unmarked -> unmarked,0.5,3,2,10.0,9.0,"{""Simen x Paoli"": 1, ""Via Mezzaro"": 2}",0.2,True
domain,4,Social dimension -> Social dimension -> Social dimension -> Social dimension,unmarked -> unmarked -> unmarked -> unmarked,0.5,3,2,26.666666666666668,26.0,"{""Ponte Navegna"": 1, ""Panorama, Via dei Colli"": 2}",0.2,True
domain,4,Landscape characteristics (physical properties) -> Place identity -> Percieved qualities (experiential dimension) -> Landscape characteristics (physical properties),unmarked -> unmarked -> unmarked -> unmarked,0.4907407407407407,6,2,28.333333333333332,28.0,"{""Ponte Navegna"": 3, ""Panorama, Via dei Colli"": 3}",0.2,True
domain,4,Memory/temporality -> Percieved qualities (experiential dimension) -> Percieved qualities (experiential dimension) -> Memory/temporality,unmarked -> unmarked -> unmarked -> unmarked,0.4861111111111111,7,2,17.714285714285715,15.0,"{""Ponte Navegna"": 3, ""Chiesa, Via San Gottardo"": 4}",0.2,True
domain,4,Landscape characteristics (physical properties) -> Place identity -> Governance -> Governance,unmarked -> unmarked -> unmarked -> unmarked,0.47916666666666663,3,2,63.0,57.0,"{""Simen x Paoli"": 1, ""Panorama, Via dei Colli"": 2}",0.2,True
domain,4,Percieved qualities (experiential dimension) -> Percieved qualities (experiential dimension) -> Percieved qualities (experiential dimension) -> Social dimension,unmarked -> unmarked -> unmarked -> unmarked,0.47916666666666663,4,2,49.5,47.5,"{""Mulino San Martino / Parco Vicolo della Roggia"": 2, ""Panorama, Via dei Colli"": 2}",0.2,True
domain,4,Place identity -> Functionality -> Functionality -> Social dimension,unmarked -> unmarked -> unmarked -> unmarked,0.47916666666666663,3,2,11.0,9.0,"{""Simen x Paoli"": 1, ""Via Mezzaro"": 2}",0.2,True
domain,4,Place identity -> Place identity -> Functionality -> Memory/temporality,unmarked -> unmarked -> unmarked -> unmarked,0.47916666666666663,3,2,9.0,6.0,"{""Simen x Paoli"": 1, ""Via Mezzaro"": 2}",0.2,True
domain,4,Landscape characteristics (physical properties) -> Functionality -> Landscape characteristics (physical properties) -> Percieved qualities (experiential dimension),unmarked -> unmarked -> unmarked -> unmarked,0.4722222222222222,5,2,13.8,8.0,"{""Via Mezzaro"": 1, ""Ponte Navegna"": 4}",0.2,True
domain,4,Memory/temporality -> Governance -> Landscape characteristics (physical properties) -> Memory/temporality,unmarked -> unmarked -> unmarked -> unmarked,0.4583333333333333,3,2,24.333333333333332,25.0,"{""Navegna Lago"": 2, ""Ponte Navegna"": 1}",0.2,True
domain,4,Place identity -> Functionality -> Functionality -> Functionality,unmarked -> unmarked -> unmarked -> unmarked,0.4583333333333333,3,2,26.333333333333332,27.0,"{""Via Mezzaro"": 2, ""Panorama, Via dei Colli"": 1}",0.2,True
domain,4,Functionality -> Landscape characteristics (physical properties) -> Functionality -> Percieved qualities (experiential dimension),unmarked -> unmarked -> unmarked -> unmarked,0.4560185185185185,4,2,22.25,13.0,"{""Navegna Lago"": 1, ""Ponte Navegna"": 3}",0.2,True
domain,4,Place identity -> Governance -> Percieved qualities (experiential dimension) -> Percieved qualities (experiential dimension),unmarked -> unmarked -> unmarked -> unmarked,0.4333333333333333,3,2,75.33333333333333,90.0,"{""Navegna Lago"": 2, ""Panorama, Via dei Colli"": 1}",0.2,True
domain,4,Percieved qualities (experiential dimension) -> Functionality -> Functionality -> Functionality,unmarked -> unmarked -> unmarked -> unmarked,0.4305555555555556,4,2,26.0,21.0,"{""Via Mezzaro"": 3, ""Chiesa, Via San Gottardo"": 1}",0.2,True
domain,4,Functionality -> Functionality -> Social dimension -> Social dimension,unmarked -> unmarked -> unmarked -> unmarked,0.41666666666666663,2,2,14.0,14.0,"{""Simen x Paoli"": 1, ""Panorama, Via dei Colli"": 1}",0.2,True
domain,4,Memory/temporality -> Place identity -> Landscape characteristics (physical properties) -> Functionality,unmarked -> unmarked -> unmarked -> unmarked,0.41666666666666663,2,2,25.5,25.5,"{""Navegna Lago"": 1, ""Simen x Paoli"": 1}",0.2,True
domain,4,Percieved qualities (experiential dimension) -> Social dimension -> Social dimension -> Social dimension,unmarked -> unmarked -> unmarked -> unmarked,0.41666666666666663,2,2,16.5,16.5,"{""Mulino San Martino / Parco Vicolo della Roggia"": 1, ""Ponte Navegna"": 1}",0.2,True
domain,4,Functionality -> Landscape characteristics (physical properties) -> Functionality -> Social dimension,unmarked -> unmarked -> unmarked -> unmarked,0.3958333333333333,3,2,12.666666666666666,12.0,"{""Chiesa, Via San Gottardo"": 1, ""Panorama, Via dei Colli"": 2}",0.2,True
domain,4,Memory/temporality -> Percieved qualities (experiential dimension) -> Functionality -> Functionality,unmarked -> unmarked -> unmarked -> unmarked,0.3958333333333333,4,2,29.5,30.0,"{""Via Mezzaro"": 3, ""Panorama, Via dei Colli"": 1}",0.2,True
domain,4,Memory/temporality -> Percieved qualities (experiential dimension) -> Social dimension -> Functionality,unmarked -> unmarked -> unmarked -> unmarked,0.3958333333333333,4,2,29.5,30.0,"{""Via Mezzaro"": 3, ""Panorama, Via dei Colli"": 1}",0.2,True
domain,4,Memory/temporality -> Place identity -> Place identity -> Functionality,unmarked -> unmarked -> unmarked -> unmarked,0.3958333333333333,2,2,12.0,12.0,"{""Navegna Lago"": 1, ""Simen x Paoli"": 1}",0.2,True
domain,4,Percieved qualities (experiential dimension) -> Percieved qualities (experiential dimension) -> Functionality -> Governance,unmarked -> unmarked -> unmarked -> unmarked,0.3958333333333333,3,2,43.0,36.0,"{""Navegna Lago"": 2, ""Mulino San Martino / Parco Vicolo della Roggia"": 1}",0.2,True
domain,4,Percieved qualities (experiential dimension) -> Landscape characteristics (physical properties) -> Functionality -> Memory/temporality,unmarked -> unmarked -> unmarked -> unmarked,0.3888888888888889,6,2,46.0,52.0,"{""Navegna Lago"": 4, ""Panorama, Via dei Colli"": 2}",0.2,True
domain,4,Functionality -> Percieved qualities (experiential dimension) -> Functionality -> Social dimension,unmarked -> unmarked -> unmarked -> unmarked,0.38888888888888884,2,2,7.0,7.0,"{""Via Mezzaro"": 1, ""Chiesa, Via San Gottardo"": 1}",0.2,True
domain,4,Governance -> Memory/temporality -> Landscape characteristics (physical properties) -> Percieved qualities (experiential dimension),unmarked -> unmarked -> unmarked -> unmarked,0.375,3,2,30.0,31.0,"{""Navegna Lago"": 2, ""Simen x Paoli"": 1}",0.2,True
domain,4,Memory/temporality -> Functionality -> Landscape characteristics (physical properties) -> Governance,unmarked -> unmarked -> unmarked -> unmarked,0.375,3,2,9.666666666666666,9.0,"{""Navegna Lago"": 2, ""Ponte Navegna"": 1}",0.2,True
domain,4,Memory/temporality -> Landscape characteristics (physical properties) -> Landscape characteristics (physical properties) -> Governance,unmarked -> unmarked -> unmarked -> unmarked,0.375,3,2,10.0,9.0,"{""Navegna Lago"": 2, ""Ponte Navegna"": 1}",0.2,True
domain,4,Memory/temporality -> Percieved qualities (experiential dimension) -> Place identity -> Governance,unmarked -> unmarked -> unmarked -> unmarked,0.375,2,2,4.5,4.5,"{""Via Mezzaro"": 1, ""Ponte Navegna"": 1}",0.2,True
domain,4,Memory/temporality -> Place identity -> Memory/temporality -> Percieved qualities (experiential dimension),unmarked -> unmarked -> unmarked -> unmarked,0.375,2,2,33.0,33.0,"{""Ponte Navegna"": 1, ""Chiesa, Via San Gottardo"": 1}",0.2,True
domain,4,Governance -> Percieved qualities (experiential dimension) -> Percieved qualities (experiential dimension) -> Percieved qualities (experiential dimension),unmarked -> unmarked -> unmarked -> unmarked,0.3611111111111111,4,2,43.5,41.0,"{""Navegna Lago"": 2, ""Panorama, Via dei Colli"": 2}",0.2,True
domain,4,Landscape characteristics (physical properties) -> Landscape characteristics (physical properties) -> Governance -> Percieved qualities (experiential dimension),unmarked -> unmarked -> unmarked -> unmarked,0.3611111111111111,4,2,30.25,27.0,"{""Ponte Navegna"": 3, ""Panorama, Via dei Colli"": 1}",0.2,True
domain,4,Landscape characteristics (physical properties) -> Landscape characteristics (physical properties) -> Percieved qualities (experiential dimension) -> Memory/temporality,unmarked -> unmarked -> unmarked -> unmarked,0.3611111111111111,4,2,14.25,12.0,"{""Navegna Lago"": 2, ""Ponte Navegna"": 2}",0.2,True
domain,4,Memory/temporality -> Functionality -> Memory/temporality -> Memory/temporality,unmarked -> unmarked -> unmarked -> unmarked,0.3611111111111111,3,2,21.333333333333332,9.0,"{""Via Mezzaro"": 2, ""Chiesa, Via San Gottardo"": 1}",0.2,True
domain,4,Percieved qualities (experiential dimension) -> Functionality -> Landscape characteristics (physical properties) -> Social dimension,unmarked -> unmarked -> unmarked -> unmarked,0.3611111111111111,3,2,21.333333333333332,18.0,"{""Ponte Navegna"": 1, ""Panorama, Via dei Colli"": 2}",0.2,True
domain,4,Percieved qualities (experiential dimension) -> Memory/temporality -> Governance -> Functionality,unmarked -> unmarked -> unmarked -> unmarked,0.3611111111111111,2,2,30.0,30.0,"{""Via Mezzaro"": 1, ""Ponte Navegna"": 1}",0.2,True
domain,4,Percieved qualities (experiential dimension) -> Memory/temporality -> Governance -> Social dimension,unmarked -> unmarked -> unmarked -> unmarked,0.3611111111111111,2,2,30.0,30.0,"{""Via Mezzaro"": 1, ""Ponte Navegna"": 1}",0.2,True
domain,4,Functionality -> Percieved qualities (experiential dimension) -> Functionality -> Memory/temporality,unmarked -> unmarked -> unmarked -> unmarked,0.35416666666666663,2,2,29.0,29.0,"{""Navegna Lago"": 1, ""Chiesa, Via San Gottardo"": 1}",0.2,True
domain,4,Landscape characteristics (physical properties) -> Place identity -> Functionality -> Functionality,unmarked -> unmarked -> unmarked -> unmarked,0.35416666666666663,3,2,26.0,30.0,"{""Via Mezzaro"": 2, ""Panorama, Via dei Colli"": 1}",0.2,True
domain,4,Percieved qualities (experiential dimension) -> Percieved qualities (experiential dimension) -> Social dimension -> Social dimension,unmarked -> unmarked -> unmarked -> unmarked,0.35416666666666663,3,2,39.333333333333336,31.0,"{""Mulino San Martino / Parco Vicolo della Roggia"": 2, ""Panorama, Via dei Colli"": 1}",0.2,True
domain,4,Place identity -> Landscape characteristics (physical properties) -> Place identity -> Functionality,unmarked -> unmarked -> unmarked -> unmarked,0.35416666666666663,3,2,17.333333333333332,6.0,"{""Via Mezzaro"": 2, ""Panorama, Via dei Colli"": 1}",0.2,True
domain,4,Functionality -> Functionality -> Social dimension -> Functionality,unmarked -> unmarked -> unmarked -> unmarked,0.34375,3,2,23.0,21.0,"{""Chiesa, Via San Gottardo"": 1, ""Panorama, Via dei Colli"": 2}",0.2,True
domain,4,Functionality -> Social dimension -> Social dimension -> Memory/temporality,unmarked -> unmarked -> unmarked -> unmarked,0.3333333333333333,2,2,14.0,14.0,"{""Via Mezzaro"": 1, ""Panorama, Via dei Colli"": 1}",0.2,True
domain,4,Landscape characteristics (physical properties) -> Landscape characteristics (physical properties) -> Landscape characteristics (physical properties) -> Social dimension,unmarked -> unmarked -> unmarked -> unmarked,0.3333333333333333,2,2,9.0,9.0,"{""Navegna Lago"": 1, ""Panorama, Via dei Colli"": 1}",0.2,True
domain,4,Percieved qualities (experiential dimension) -> Landscape characteristics (physical properties) -> Place identity -> Percieved qualities (experiential dimension),unmarked -> unmarked -> unmarked -> unmarked,0.3333333333333333,4,2,31.0,27.5,"{""Ponte Navegna"": 2, ""Panorama, Via dei Colli"": 2}",0.2,True
domain,4,Place identity -> Governance -> Governance -> Social dimension,unmarked -> unmarked -> unmarked -> unmarked,0.3333333333333333,2,2,25.5,25.5,"{""Simen x Paoli"": 1, ""Panorama, Via dei Colli"": 1}",0.2,True
domain,4,Place identity -> Place identity -> Place identity -> Functionality,unmarked -> unmarked -> unmarked -> unmarked,0.3333333333333333,3,2,11.666666666666666,6.0,"{""Via Mezzaro"": 2, ""Ponte Navegna"": 1}",0.2,True
domain,4,Social dimension -> Memory/temporality -> Social dimension -> Social dimension,unmarked -> unmarked -> unmarked -> unmarked,0.3333333333333333,2,2,27.0,27.0,"{""Ponte Navegna"": 1, ""Panorama, Via dei Colli"": 1}",0.2,True
domain,4,Social dimension -> Social dimension -> Place identity -> Percieved qualities (experiential dimension),unmarked -> unmarked -> unmarked -> unmarked,0.3333333333333333,2,2,62.5,62.5,"{""Simen x Paoli"": 1, ""Panorama, Via dei Colli"": 1}",0.2,True
domain,4,Landscape characteristics (physical properties) -> Percieved qualities (experiential dimension) -> Functionality -> Landscape characteristics (physical properties),unmarked -> unmarked -> unmarked -> unmarked,0.3310185185185185,5,2,31.6,30.0,"{""Navegna Lago"": 2, ""Ponte Navegna"": 3}",0.2,True
domain,4,Memory/temporality -> Social dimension -> Percieved qualities (experiential dimension) -> Percieved qualities (experiential dimension),unmarked -> unmarked -> unmarked -> unmarked,0.3263888888888889,3,2,63.0,62.0,"{""Chiesa, Via San Gottardo"": 1, ""Panorama, Via dei Colli"": 2}",0.2,True
domain,4,Functionality -> Landscape characteristics (physical properties) -> Place identity -> Landscape characteristics (physical properties),unmarked -> unmarked -> unmarked -> unmarked,0.32407407407407407,3,2,13.333333333333334,3.0,"{""Via Mezzaro"": 1, ""Ponte Navegna"": 2}",0.2,True
domain,4,Place identity -> Functionality -> Landscape characteristics (physical properties) -> Landscape characteristics (physical properties),unmarked -> unmarked -> unmarked -> unmarked,0.3194444444444444,4,2,58.5,38.0,"{""Ponte Navegna"": 3, ""Panorama, Via dei Colli"": 1}",0.2,True
domain,4,Functionality -> Landscape characteristics (physical properties) -> Percieved qualities (experiential dimension) -> Social dimension,unmarked -> unmarked -> unmarked -> unmarked,0.3125,2,2,11.5,11.5,"{""Via Mezzaro"": 1, ""Ponte Navegna"": 1}",0.2,True
domain,4,Memory/temporality -> Place identity -> Memory/temporality -> Landscape characteristics (physical properties),unmarked -> unmarked -> unmarked -> unmarked,0.3125,2,2,10.5,10.5,"{""Navegna Lago"": 1, ""Ponte Navegna"": 1}",0.2,True
domain,4,Percieved qualities (experiential dimension) -> Landscape characteristics (physical properties) -> Governance -> Memory/temporality,unmarked -> unmarked -> unmarked -> unmarked,0.3125,4,2,34.25,31.0,"{""Navegna Lago"": 3, ""Ponte Navegna"": 1}",0.2,True
domain,4,Place identity -> Place identity -> Functionality -> Percieved qualities (experiential dimension),unmarked -> unmarked -> unmarked -> unmarked,0.3125,2,2,84.0,84.0,"{""Navegna Lago"": 1, ""Ponte Navegna"": 1}",0.2,True
domain,4,Landscape characteristics (physical properties) -> Percieved qualities (experiential dimension) -> Landscape characteristics (physical properties) -> Governance,unmarked -> unmarked -> unmarked -> unmarked,0.3101851851851852,3,2,36.666666666666664,32.0,"{""Ponte Navegna"": 2, ""Panorama, Via dei Colli"": 1}",0.2,True
domain,4,Memory/temporality -> Social dimension -> Percieved qualities (experiential dimension) -> Functionality,unmarked -> unmarked -> unmarked -> unmarked,0.3090277777777778,3,2,12.666666666666666,12.0,"{""Via Mezzaro"": 2, ""Scuola Elementare, Via Frizzi"": 1}",0.2,True
domain,4,Governance -> Memory/temporality -> Memory/temporality -> Percieved qualities (experiential dimension),unmarked -> unmarked -> unmarked -> unmarked,0.3055555555555556,2,2,95.5,95.5,"{""Navegna Lago"": 1, ""Ponte Navegna"": 1}",0.2,True
domain,4,Social dimension -> Functionality -> Functionality -> Percieved qualities (experiential dimension),unmarked -> unmarked -> unmarked -> unmarked,0.3055555555555556,3,2,22.666666666666668,30.0,"{""Via Mezzaro"": 2, ""Panorama, Via dei Colli"": 1}",0.2,True
domain,4,Social dimension -> Memory/temporality -> Memory/temporality -> Percieved qualities (experiential dimension),unmarked -> unmarked -> unmarked -> unmarked,0.3055555555555556,2,2,18.5,18.5,"{""Via Mezzaro"": 1, ""Scuola Elementare, Via Frizzi"": 1}",0.2,True
domain,4,Social dimension -> Percieved qualities (experiential dimension) -> Functionality -> Social dimension,unmarked -> unmarked -> unmarked -> unmarked,0.3055555555555556,2,2,9.5,9.5,"{""Via Mezzaro"": 1, ""Scuola Elementare, Via Frizzi"": 1}",0.2,True
domain,4,Social dimension -> Percieved qualities (experiential dimension) -> Social dimension -> Social dimension,unmarked -> unmarked -> unmarked -> unmarked,0.3055555555555556,2,2,9.5,9.5,"{""Via Mezzaro"": 1, ""Scuola Elementare, Via Frizzi"": 1}",0.2,True
domain,4,Percieved qualities (experiential dimension) -> Percieved qualities (experiential dimension) -> Social dimension -> Percieved qualities (experiential dimension),unmarked -> unmarked -> unmarked -> unmarked,0.3020833333333333,4,2,44.75,38.0,"{""Mulino San Martino / Parco Vicolo della Roggia"": 2, ""Panorama, Via dei Colli"": 2}",0.2,True
domain,4,Place identity -> Functionality -> Percieved qualities (experiential dimension) -> Functionality,unmarked -> unmarked -> unmarked -> unmarked,0.2986111111111111,3,2,8.666666666666666,8.0,"{""Via Mezzaro"": 2, ""Ponte Navegna"": 1}",0.2,True
domain,4,Social dimension -> Percieved qualities (experiential dimension) -> Functionality -> Landscape characteristics (physical properties),unmarked -> unmarked -> unmarked -> unmarked,0.2962962962962963,3,2,20.333333333333332,22.0,"{""Ponte Navegna"": 2, ""Panorama, Via dei Colli"": 1}",0.2,True
domain,4,Percieved qualities (experiential dimension) -> Governance -> Functionality -> Functionality,unmarked -> unmarked -> unmarked -> unmarked,0.29444444444444445,3,2,40.333333333333336,25.0,"{""Navegna Lago"": 2, ""Ponte Navegna"": 1}",0.2,True
domain,4,Functionality -> Landscape characteristics (physical properties) -> Memory/temporality -> Place identity,unmarked -> unmarked -> unmarked -> unmarked,0.2916666666666667,2,2,49.5,49.5,"{""Ponte Navegna"": 1, ""Panorama, Via dei Colli"": 1}",0.2,True
domain,4,Functionality -> Landscape characteristics (physical properties) -> Social dimension -> Percieved qualities (experiential dimension),unmarked -> unmarked -> unmarked -> unmarked,0.2916666666666667,2,2,37.0,37.0,"{""Ponte Navegna"": 1, ""Panorama, Via dei Colli"": 1}",0.2,True
domain,4,Governance -> Landscape characteristics (physical properties) -> Memory/temporality -> Percieved qualities (experiential dimension),unmarked -> unmarked -> unmarked -> unmarked,0.2916666666666667,2,2,30.5,30.5,"{""Navegna Lago"": 1, ""Ponte Navegna"": 1}",0.2,True
domain,4,Landscape characteristics (physical properties) -> Social dimension -> Social dimension -> Percieved qualities (experiential dimension),unmarked -> unmarked -> unmarked -> unmarked,0.2916666666666667,2,2,28.5,28.5,"{""Navegna Lago"": 1, ""Panorama, Via dei Colli"": 1}",0.2,True
domain,4,Place identity -> Place identity -> Percieved qualities (experiential dimension) -> Memory/temporality,unmarked -> unmarked -> unmarked -> unmarked,0.2916666666666667,2,2,14.5,14.5,"{""Navegna Lago"": 1, ""Ponte Navegna"": 1}",0.2,True
domain,4,Place identity -> Place identity -> Percieved qualities (experiential dimension) -> Percieved qualities (experiential dimension),unmarked -> unmarked -> unmarked -> unmarked,0.2916666666666667,2,2,14.5,14.5,"{""Navegna Lago"": 1, ""Ponte Navegna"": 1}",0.2,True
domain,4,Social dimension -> Memory/temporality -> Memory/temporality -> Memory/temporality,unmarked -> unmarked -> unmarked -> unmarked,0.2916666666666667,3,2,22.333333333333332,12.0,"{""Via Mezzaro"": 1, ""Chiesa, Via San Gottardo"": 2}",0.2,True
domain,4,Landscape characteristics (physical properties) -> Functionality -> Percieved qualities (experiential dimension) -> Place identity,unmarked -> unmarked -> unmarked -> unmarked,0.29166666666666663,3,2,21.666666666666668,21.0,"{""Navegna Lago"": 2, ""Ponte Navegna"": 1}",0.2,True
domain,4,Landscape characteristics (physical properties) -> Percieved qualities (experiential dimension) -> Governance -> Memory/temporality,unmarked -> unmarked -> unmarked -> unmarked,0.29166666666666663,3,2,17.0,9.0,"{""Navegna Lago"": 2, ""Ponte Navegna"": 1}",0.2,True
domain,4,Memory/temporality -> Landscape characteristics (physical properties) -> Place identity -> Functionality,unmarked -> unmarked -> unmarked -> unmarked,0.29166666666666663,2,2,23.0,23.0,"{""Via Mezzaro"": 1, ""Panorama, Via dei Colli"": 1}",0.2,True
domain,4,Place identity -> Landscape characteristics (physical properties) -> Functionality -> Functionality,unmarked -> unmarked -> unmarked -> unmarked,0.29166666666666663,3,2,25.0,20.0,"{""Navegna Lago"": 1, ""Panorama, Via dei Colli"": 2}",0.2,True
domain,4,Landscape characteristics (physical properties) -> Governance -> Place identity -> Memory/temporality,unmarked -> unmarked -> unmarked -> unmarked,0.2779706790123457,3,2,14.666666666666666,6.0,"{""Via Mezzaro"": 2, ""Ponte Navegna"": 1}",0.2,True
domain,4,Percieved qualities (experiential dimension) -> Governance -> Place identity -> Memory/temporality,unmarked -> unmarked -> unmarked -> unmarked,0.2779706790123457,3,2,14.666666666666666,6.0,"{""Via Mezzaro"": 2, ""Ponte Navegna"": 1}",0.2,True
domain,4,Landscape characteristics (physical properties) -> Percieved qualities (experiential dimension) -> Social dimension -> Memory/temporality,unmarked -> unmarked -> unmarked -> unmarked,0.2777777777777778,2,2,18.5,18.5,"{""Navegna Lago"": 1, ""Via Mezzaro"": 1}",0.2,True
domain,4,Memory/temporality -> Landscape characteristics (physical properties) -> Memory/temporality -> Governance,unmarked -> unmarked -> unmarked -> unmarked,0.2777777777777778,2,2,47.0,47.0,"{""Navegna Lago"": 1, ""Panorama, Via dei Colli"": 1}",0.2,True
domain,4,Social dimension -> Functionality -> Landscape characteristics (physical properties) -> Functionality,unmarked -> unmarked -> unmarked -> unmarked,0.2777777777777778,2,2,4.0,4.0,"{""Via Mezzaro"": 1, ""Panorama, Via dei Colli"": 1}",0.2,True
domain,4,Social dimension -> Functionality -> Memory/temporality -> Memory/temporality,unmarked -> unmarked -> unmarked -> unmarked,0.2777777777777778,2,2,27.5,27.5,"{""Via Mezzaro"": 1, ""Chiesa, Via San Gottardo"": 1}",0.2,True
domain,4,Social dimension -> Social dimension -> Social dimension -> Landscape characteristics (physical properties),unmarked -> unmarked -> unmarked -> unmarked,0.2777777777777778,2,2,25.5,25.5,"{""Ponte Navegna"": 1, ""Panorama, Via dei Colli"": 1}",0.2,True
domain,4,Functionality -> Percieved qualities (experiential dimension) -> Governance -> Percieved qualities (experiential dimension),unmarked -> unmarked -> unmarked -> unmarked,0.2708333333333333,3,2,102.33333333333333,54.0,"{""Navegna Lago"": 2, ""Simen x Paoli"": 1}",0.2,True
domain,4,Functionality -> Percieved qualities (experiential dimension) -> Place identity -> Memory/temporality,unmarked -> unmarked -> unmarked -> unmarked,0.2708333333333333,3,2,7.0,6.0,"{""Navegna Lago"": 2, ""Simen x Paoli"": 1}",0.2,True
domain,4,Landscape characteristics (physical properties) -> Percieved qualities (experiential dimension) -> Social dimension -> Social dimension,unmarked -> unmarked -> unmarked -> unmarked,0.2708333333333333,2,2,40.0,40.0,"{""Ponte Navegna"": 1, ""Panorama, Via dei Colli"": 1}",0.2,True
domain,4,Percieved qualities (experiential dimension) -> Memory/temporality -> Social dimension -> Social dimension,unmarked -> unmarked -> unmarked -> unmarked,0.2708333333333333,2,2,45.0,45.0,"{""Ponte Navegna"": 1, ""Panorama, Via dei Colli"": 1}",0.2,True
domain,4,Place identity -> Functionality -> Functionality -> Landscape characteristics (physical properties),unmarked -> unmarked -> unmarked -> unmarked,0.2708333333333333,3,2,26.666666666666668,27.0,"{""Via Mezzaro"": 2, ""Panorama, Via dei Colli"": 1}",0.2,True
domain,4,Memory/temporality -> Percieved qualities (experiential dimension) -> Percieved qualities (experiential dimension) -> Governance,unmarked -> unmarked -> unmarked -> unmarked,0.2685185185185185,2,2,50.0,50.0,"{""Navegna Lago"": 1, ""Panorama, Via dei Colli"": 1}",0.2,True
domain,4,Percieved qualities (experiential dimension) -> Landscape characteristics (physical properties) -> Governance -> Governance,unmarked -> unmarked -> unmarked -> unmarked,0.2685185185185185,3,2,21.666666666666668,17.0,"{""Via Mezzaro"": 1, ""Ponte Navegna"": 2}",0.2,True
domain,4,Memory/temporality -> Governance -> Functionality -> Functionality,unmarked -> unmarked -> unmarked -> unmarked,0.26666666666666666,2,2,69.0,69.0,"{""Navegna Lago"": 1, ""Via Mezzaro"": 1}",0.2,True
domain,4,Percieved qualities (experiential dimension) -> Governance -> Percieved qualities (experiential dimension) -> Functionality,unmarked -> unmarked -> unmarked -> unmarked,0.26666666666666666,4,2,36.0,24.0,"{""Navegna Lago"": 3, ""Mulino San Martino / Parco Vicolo della Roggia"": 1}",0.2,True
domain,4,Place identity -> Governance -> Functionality -> Functionality,unmarked -> unmarked -> unmarked -> unmarked,0.26666666666666666,2,2,57.5,57.5,"{""Navegna Lago"": 1, ""Ponte Navegna"": 1}",0.2,True
domain,4,Landscape characteristics (physical properties) -> Functionality -> Memory/temporality -> Landscape characteristics (physical properties),unmarked -> unmarked -> unmarked -> unmarked,0.2638888888888889,4,2,28.0,34.5,"{""Navegna Lago"": 3, ""Panorama, Via dei Colli"": 1}",0.2,True
domain,4,Landscape characteristics (physical properties) -> Landscape characteristics (physical properties) -> Functionality -> Memory/temporality,unmarked -> unmarked -> unmarked -> unmarked,0.2638888888888889,4,2,32.0,23.0,"{""Navegna Lago"": 3, ""Chiesa, Via San Gottardo"": 1}",0.2,True
domain,4,Landscape characteristics (physical properties) -> Percieved qualities (experiential dimension) -> Memory/temporality -> Functionality,unmarked -> unmarked -> unmarked -> unmarked,0.2638888888888889,2,2,7.0,7.0,"{""Via Mezzaro"": 1, ""Chiesa, Via San Gottardo"": 1}",0.2,True
domain,4,Percieved qualities (experiential dimension) -> Percieved qualities (experiential dimension) -> Functionality -> Memory/temporality,unmarked -> unmarked -> unmarked -> unmarked,0.2638888888888889,5,2,50.0,54.0,"{""Navegna Lago"": 3, ""Panorama, Via dei Colli"": 2}",0.2,True
domain,4,Social dimension -> Place identity -> Memory/temporality -> Place identity,unmarked -> unmarked -> unmarked -> unmarked,0.2633101851851852,4,2,21.5,10.5,"{""Simen x Paoli"": 1, ""Via Mezzaro"": 3}",0.2,True
domain,4,Functionality -> Social dimension -> Place identity -> Social dimension,unmarked -> unmarked -> unmarked -> unmarked,0.26041666666666663,4,2,29.75,24.5,"{""Via Mezzaro"": 2, ""Panorama, Via dei Colli"": 2}",0.2,True
domain,4,Social dimension -> Percieved qualities (experiential dimension) -> Social dimension -> Functionality,unmarked -> unmarked -> unmarked -> unmarked,0.26041666666666663,5,2,23.2,30.0,"{""Via Mezzaro"": 3, ""Panorama, Via dei Colli"": 2}",0.2,True
domain,4,Memory/temporality -> Landscape characteristics (physical properties) -> Governance -> Governance,unmarked -> unmarked -> unmarked -> unmarked,0.2569444444444444,3,2,29.0,17.0,"{""Ponte Navegna"": 1, ""Panorama, Via dei Colli"": 2}",0.2,True
domain,4,Memory/temporality -> Memory/temporality -> Functionality -> Landscape characteristics (physical properties),unmarked -> unmarked -> unmarked -> unmarked,0.2569444444444444,4,2,42.25,9.0,"{""Navegna Lago"": 2, ""Ponte Navegna"": 2}",0.2,True
domain,4,Social dimension -> Social dimension -> Percieved qualities (experiential dimension) -> Memory/temporality,unmarked -> unmarked -> unmarked -> unmarked,0.2534722222222222,4,2,26.5,23.0,"{""Via Mezzaro"": 2, ""Panorama, Via dei Colli"": 2}",0.2,True
domain,4,Functionality -> Social dimension -> Social dimension -> Percieved qualities (experiential dimension),unmarked -> unmarked -> unmarked -> unmarked,0.25,3,2,12.333333333333334,12.0,"{""Navegna Lago"": 1, ""Via Mezzaro"": 2}",0.2,True
domain,4,Governance -> Place identity -> Place identity -> Percieved qualities (experiential dimension),unmarked -> unmarked -> unmarked -> unmarked,0.25,2,2,8.0,8.0,"{""Navegna Lago"": 1, ""Ponte Navegna"": 1}",0.2,True
domain,4,Landscape characteristics (physical properties) -> Landscape characteristics (physical properties) -> Memory/temporality -> Social dimension,unmarked -> unmarked -> unmarked -> unmarked,0.25,3,2,47.333333333333336,46.0,"{""Chiesa, Via San Gottardo"": 1, ""Panorama, Via dei Colli"": 2}",0.2,True
domain,4,Landscape characteristics (physical properties) -> Landscape characteristics (physical properties) -> Place identity -> Percieved qualities (experiential dimension),unmarked -> unmarked -> unmarked -> unmarked,0.25,2,2,8.0,8.0,"{""After Via dei Colli / Before Mezzaro"": 1, ""Ponte Navegna"": 1}",0.2,True
domain,4,Landscape characteristics (physical properties) -> Place identity -> Landscape characteristics (physical properties) -> Functionality,unmarked -> unmarked -> unmarked -> unmarked,0.25,2,2,40.0,40.0,"{""Navegna Lago"": 1, ""Panorama, Via dei Colli"": 1}",0.2,True
domain,4,Percieved qualities (experiential dimension) -> Landscape characteristics (physical properties) -> Functionality -> Social dimension,unmarked -> unmarked -> unmarked -> unmarked,0.25,3,2,29.0,12.0,"{""Navegna Lago"": 1, ""Panorama, Via dei Colli"": 2}",0.2,True
domain,4,Percieved qualities (experiential dimension) -> Landscape characteristics (physical properties) -> Landscape characteristics (physical properties) -> Social dimension,unmarked -> unmarked -> unmarked -> unmarked,0.25,3,2,29.0,12.0,"{""Navegna Lago"": 1, ""Panorama, Via dei Colli"": 2}",0.2,True
domain,4,Place identity -> Landscape characteristics (physical properties) -> Place identity -> Percieved qualities (experiential dimension),unmarked -> unmarked -> unmarked -> unmarked,0.25,2,2,24.5,24.5,"{""After Via dei Colli / Before Mezzaro"": 1, ""Panorama, Via dei Colli"": 1}",0.2,True
domain,4,Social dimension -> Functionality -> Governance -> Percieved qualities (experiential dimension),unmarked -> unmarked -> unmarked -> unmarked,0.25,2,2,26.5,26.5,"{""Navegna Lago"": 1, ""Mulino San Martino / Parco Vicolo della Roggia"": 1}",0.2,True
domain,4,Social dimension -> Governance -> Percieved qualities (experiential dimension) -> Percieved qualities (experiential dimension),unmarked -> unmarked -> unmarked -> unmarked,0.25,2,2,72.5,72.5,"{""Simen x Paoli"": 1, ""Panorama, Via dei Colli"": 1}",0.2,True
domain,4,Social dimension -> Percieved qualities (experiential dimension) -> Governance -> Percieved qualities (experiential dimension),unmarked -> unmarked -> unmarked -> unmarked,0.25,2,2,26.5,26.5,"{""Navegna Lago"": 1, ""Mulino San Martino / Parco Vicolo della Roggia"": 1}",0.2,True
domain,4,Landscape characteristics (physical properties) -> Memory/temporality -> Landscape characteristics (physical properties) -> Governance,unmarked -> unmarked -> unmarked -> unmarked,0.24421296296296297,4,2,30.0,22.0,"{""Ponte Navegna"": 1, ""Panorama, Via dei Colli"": 3}",0.2,True
domain,4,Functionality -> Landscape characteristics (physical properties) -> Memory/temporality -> Percieved qualities (experiential dimension),unmarked -> unmarked -> unmarked -> unmarked,0.2361111111111111,3,2,33.0,32.0,"{""Ponte Navegna"": 1, ""Panorama, Via dei Colli"": 2}",0.2,True
domain,4,Memory/temporality -> Landscape characteristics (physical properties) -> Place identity -> Percieved qualities (experiential dimension),unmarked -> unmarked -> unmarked -> unmarked,0.2349537037037037,3,2,43.0,42.0,"{""Via Mezzaro"": 1, ""Panorama, Via dei Colli"": 2}",0.2,True
domain,4,Functionality -> Functionality -> Social dimension -> Place identity,unmarked -> unmarked -> unmarked -> unmarked,0.22916666666666666,3,2,28.333333333333332,15.0,"{""Via Mezzaro"": 2, ""Panorama, Via dei Colli"": 1}",0.2,True
domain,4,Functionality -> Memory/temporality -> Place identity -> Memory/temporality,unmarked -> unmarked -> unmarked -> unmarked,0.22916666666666666,2,2,7.5,7.5,"{""Navegna Lago"": 1, ""Simen x Paoli"": 1}",0.2,True
domain,4,Percieved qualities (experiential dimension) -> Functionality -> Governance -> Memory/temporality,unmarked -> unmarked -> unmarked -> unmarked,0.22916666666666666,3,2,36.0,28.0,"{""Navegna Lago"": 2, ""Panorama, Via dei Colli"": 1}",0.2,True
domain,4,Place identity -> Functionality -> Functionality -> Memory/temporality,unmarked -> unmarked -> unmarked -> unmarked,0.22916666666666666,2,2,12.0,12.0,"{""Simen x Paoli"": 1, ""Via Mezzaro"": 1}",0.2,True
domain,4,Place identity -> Place identity -> Social dimension -> Functionality,unmarked -> unmarked -> unmarked -> unmarked,0.22916666666666666,3,2,18.666666666666668,20.0,"{""Via Mezzaro"": 2, ""Panorama, Via dei Colli"": 1}",0.2,True
domain,4,Social dimension -> Percieved qualities (experiential dimension) -> Functionality -> Functionality,unmarked -> unmarked -> unmarked -> unmarked,0.22916666666666666,4,2,19.0,20.0,"{""Via Mezzaro"": 3, ""Panorama, Via dei Colli"": 1}",0.2,True
domain,4,Social dimension -> Place identity -> Social dimension -> Functionality,unmarked -> unmarked -> unmarked -> unmarked,0.22916666666666666,3,2,23.333333333333332,30.0,"{""Via Mezzaro"": 2, ""Panorama, Via dei Colli"": 1}",0.2,True
domain,4,Percieved qualities (experiential dimension) -> Functionality -> Landscape characteristics (physical properties) -> Functionality,unmarked -> unmarked -> unmarked -> unmarked,0.22685185185185186,4,2,10.25,11.5,"{""Ponte Navegna"": 3, ""Chiesa, Via San Gottardo"": 1}",0.2,True
domain,4,Social dimension -> Landscape characteristics (physical properties) -> Percieved qualities (experiential dimension) -> Percieved qualities (experiential dimension),unmarked -> unmarked -> unmarked -> unmarked,0.22685185185185186,3,2,43.0,17.0,"{""Simen x Paoli"": 1, ""Ponte Navegna"": 2}",0.2,True
domain,4,Functionality -> Percieved qualities (experiential dimension) -> Social dimension -> Social dimension,unmarked -> unmarked -> unmarked -> unmarked,0.2222222222222222,2,2,12.5,12.5,"{""Mulino San Martino / Parco Vicolo della Roggia"": 1, ""Via Mezzaro"": 1}",0.2,True
domain,4,Governance -> Functionality -> Functionality -> Landscape characteristics (physical properties),unmarked -> unmarked -> unmarked -> unmarked,0.2222222222222222,2,2,17.5,17.5,"{""Navegna Lago"": 1, ""Ponte Navegna"": 1}",0.2,True
domain,4,Landscape characteristics (physical properties) -> Percieved qualities (experiential dimension) -> Social dimension -> Landscape characteristics (physical properties),unmarked -> unmarked -> unmarked -> unmarked,0.2222222222222222,2,2,18.5,18.5,"{""Navegna Lago"": 1, ""Ponte Navegna"": 1}",0.2,True
domain,4,Percieved qualities (experiential dimension) -> Place identity -> Landscape characteristics (physical properties) -> Functionality,unmarked -> unmarked -> unmarked -> unmarked,0.2222222222222222,3,2,25.333333333333332,34.0,"{""Navegna Lago"": 2, ""Panorama, Via dei Colli"": 1}",0.2,True
domain,4,Place identity -> Landscape characteristics (physical properties) -> Functionality -> Memory/temporality,unmarked -> unmarked -> unmarked -> unmarked,0.2222222222222222,2,2,7.5,7.5,"{""Navegna Lago"": 1, ""Simen x Paoli"": 1}",0.2,True
domain,4,Percieved qualities (experiential dimension) -> Functionality -> Percieved qualities (experiential dimension) -> Social dimension,unmarked -> unmarked -> unmarked -> unmarked,0.21527777777777776,4,2,29.0,21.0,"{""Via Mezzaro"": 2, ""Panorama, Via dei Colli"": 2}",0.2,True
domain,4,Landscape characteristics (physical properties) -> Place identity -> Functionality -> Landscape characteristics (physical properties),unmarked -> unmarked -> unmarked -> unmarked,0.21296296296296297,3,2,27.666666666666668,30.0,"{""Ponte Navegna"": 2, ""Panorama, Via dei Colli"": 1}",0.2,True
domain,4,Social dimension -> Social dimension -> Place identity -> Social dimension,unmarked -> unmarked -> unmarked -> unmarked,0.21180555555555555,3,2,31.333333333333332,34.0,"{""Via Mezzaro"": 1, ""Panorama, Via dei Colli"": 2}",0.2,True
domain,4,Functionality -> Memory/temporality -> Functionality -> Memory/temporality,unmarked -> unmarked -> unmarked -> unmarked,0.20833333333333331,2,2,7.5,7.5,"{""Via Mezzaro"": 1, ""Chiesa, Via San Gottardo"": 1}",0.2,True
domain,4,Landscape characteristics (physical properties) -> Memory/temporality -> Functionality -> Percieved qualities (experiential dimension),unmarked -> unmarked -> unmarked -> unmarked,0.20833333333333331,2,2,30.0,30.0,"{""Chiesa, Via San Gottardo"": 1, ""Panorama, Via dei Colli"": 1}",0.2,True
domain,4,Memory/temporality -> Functionality -> Functionality -> Landscape characteristics (physical properties),unmarked -> unmarked -> unmarked -> unmarked,0.20833333333333331,3,2,19.333333333333332,25.0,"{""Navegna Lago"": 2, ""Panorama, Via dei Colli"": 1}",0.2,True
domain,4,Percieved qualities (experiential dimension) -> Percieved qualities (experiential dimension) -> Percieved qualities (experiential dimension) -> Governance,unmarked -> unmarked -> unmarked -> unmarked,0.20833333333333331,2,2,34.0,34.0,"{""Mulino San Martino / Parco Vicolo della Roggia"": 1, ""Ponte Navegna"": 1}",0.2,True
domain,4,Place identity -> Percieved qualities (experiential dimension) -> Landscape characteristics (physical properties) -> Functionality,unmarked -> unmarked -> unmarked -> unmarked,0.20833333333333331,4,2,35.75,40.0,"{""Ponte Navegna"": 1, ""Panorama, Via dei Colli"": 3}",0.2,True
domain,4,Place identity -> Percieved qualities (experiential dimension) -> Percieved qualities (experiential dimension) -> Place identity,unmarked -> unmarked -> unmarked -> unmarked,0.20833333333333331,2,2,6.0,6.0,"{""After Via dei Colli / Before Mezzaro"": 1, ""Ponte Navegna"": 1}",0.2,True
domain,4,Place identity -> Social dimension -> Functionality -> Functionality,unmarked -> unmarked -> unmarked -> unmarked,0.20833333333333331,2,2,23.5,23.5,"{""Via Mezzaro"": 1, ""Panorama, Via dei Colli"": 1}",0.2,True
domain,4,Social dimension -> Functionality -> Functionality -> Place identity,unmarked -> unmarked -> unmarked -> unmarked,0.20833333333333331,2,2,18.5,18.5,"{""Via Mezzaro"": 1, ""Panorama, Via dei Colli"": 1}",0.2,True
domain,4,Memory/temporality -> Landscape characteristics (physical properties) -> Landscape characteristics (physical properties) -> Functionality,unmarked -> unmarked -> unmarked -> unmarked,0.2013888888888889,3,2,12.0,8.0,"{""Via Mezzaro"": 1, ""Chiesa, Via San Gottardo"": 2}",0.2,True
domain,4,Landscape characteristics (physical properties) -> Functionality -> Landscape characteristics (physical properties) -> Governance,unmarked -> unmarked -> unmarked -> unmarked,0.19791666666666666,2,2,11.0,11.0,"{""Ponte Navegna"": 1, ""Panorama, Via dei Colli"": 1}",0.2,True
domain,4,Percieved qualities (experiential dimension) -> Percieved qualities (experiential dimension) -> Social dimension -> Functionality,unmarked -> unmarked -> unmarked -> unmarked,0.19791666666666666,2,2,35.5,35.5,"{""Mulino San Martino / Parco Vicolo della Roggia"": 1, ""Panorama, Via dei Colli"": 1}",0.2,True
domain,4,Social dimension -> Percieved qualities (experiential dimension) -> Percieved qualities (experiential dimension) -> Functionality,unmarked -> unmarked -> unmarked -> unmarked,0.19791666666666666,2,2,39.5,39.5,"{""Mulino San Martino / Parco Vicolo della Roggia"": 1, ""Panorama, Via dei Colli"": 1}",0.2,True
domain,4,Percieved qualities (experiential dimension) -> Governance -> Landscape characteristics (physical properties) -> Memory/temporality,unmarked -> unmarked -> unmarked -> unmarked,0.19463734567901234,3,2,13.666666666666666,6.0,"{""Navegna Lago"": 1, ""Via Mezzaro"": 2}",0.2,True
domain,4,Functionality -> Memory/temporality -> Percieved qualities (experiential dimension) -> Landscape characteristics (physical properties),unmarked -> unmarked -> unmarked -> unmarked,0.19444444444444442,3,2,26.333333333333332,35.0,"{""Navegna Lago"": 2, ""Ponte Navegna"": 1}",0.2,True
domain,4,Governance -> Memory/temporality -> Percieved qualities (experiential dimension) -> Percieved qualities (experiential dimension),unmarked -> unmarked -> unmarked -> unmarked,0.19444444444444442,2,2,31.0,31.0,"{""Navegna Lago"": 1, ""Panorama, Via dei Colli"": 1}",0.2,True
domain,4,Place identity -> Social dimension -> Social dimension -> Functionality,unmarked -> unmarked -> unmarked -> unmarked,0.19444444444444442,2,2,46.5,46.5,"{""Simen x Paoli"": 1, ""Panorama, Via dei Colli"": 1}",0.2,True
domain,4,Place identity -> Social dimension -> Social dimension -> Place identity,unmarked -> unmarked -> unmarked -> unmarked,0.19444444444444442,2,2,40.5,40.5,"{""Simen x Paoli"": 1, ""Panorama, Via dei Colli"": 1}",0.2,True
domain,4,Social dimension -> Social dimension -> Landscape characteristics (physical properties) -> Memory/temporality,unmarked -> unmarked -> unmarked -> unmarked,0.19444444444444442,2,2,52.5,52.5,"{""Simen x Paoli"": 1, ""Panorama, Via dei Colli"": 1}",0.2,True
domain,4,Social dimension -> Social dimension -> Memory/temporality -> Functionality,unmarked -> unmarked -> unmarked -> unmarked,0.19444444444444442,2,2,16.0,16.0,"{""Via Mezzaro"": 1, ""Panorama, Via dei Colli"": 1}",0.2,True
domain,4,Governance -> Functionality -> Functionality -> Memory/temporality,unmarked -> unmarked -> unmarked -> unmarked,0.1875,2,2,43.0,43.0,"{""Navegna Lago"": 1, ""Ponte Navegna"": 1}",0.2,True
domain,4,Governance -> Functionality -> Functionality -> Percieved qualities (experiential dimension),unmarked -> unmarked -> unmarked -> unmarked,0.1875,2,2,43.0,43.0,"{""Navegna Lago"": 1, ""Ponte Navegna"": 1}",0.2,True
domain,4,Governance -> Landscape characteristics (physical properties) -> Functionality -> Memory/temporality,unmarked -> unmarked -> unmarked -> unmarked,0.1875,2,2,43.0,43.0,"{""Navegna Lago"": 1, ""Ponte Navegna"": 1}",0.2,True
domain,4,Governance -> Landscape characteristics (physical properties) -> Functionality -> Percieved qualities (experiential dimension),unmarked -> unmarked -> unmarked -> unmarked,0.1875,2,2,43.0,43.0,"{""Navegna Lago"": 1, ""Ponte Navegna"": 1}",0.2,True
domain,4,Memory/temporality -> Memory/temporality -> Functionality -> Memory/temporality,unmarked -> unmarked -> unmarked -> unmarked,0.1875,2,2,7.5,7.5,"{""Via Mezzaro"": 1, ""Chiesa, Via San Gottardo"": 1}",0.2,True
domain,4,Memory/temporality -> Memory/temporality -> Place identity -> Functionality,unmarked -> unmarked -> unmarked -> unmarked,0.1875,2,2,6.5,6.5,"{""Navegna Lago"": 1, ""Via Mezzaro"": 1}",0.2,True
domain,4,Social dimension -> Functionality -> Social dimension -> Place identity,unmarked -> unmarked -> unmarked -> unmarked,0.1875,3,2,27.0,15.0,"{""Via Mezzaro"": 1, ""Panorama, Via dei Colli"": 2}",0.2,True
domain,4,Landscape characteristics (physical properties) -> Memory/temporality -> Percieved qualities (experiential dimension) -> Place identity,unmarked -> unmarked -> unmarked -> unmarked,0.18518518518518517,3,2,50.0,66.0,"{""Simen x Paoli"": 1, ""Panorama, Via dei Colli"": 2}",0.2,True
domain,4,Memory/temporality -> Memory/temporality -> Landscape characteristics (physical properties) -> Governance,unmarked -> unmarked -> unmarked -> unmarked,0.18518518518518517,2,2,39.0,39.0,"{""Ponte Navegna"": 1, ""Panorama, Via dei Colli"": 1}",0.2,True
domain,4,Percieved qualities (experiential dimension) -> Landscape characteristics (physical properties) -> Governance -> Place identity,unmarked -> unmarked -> unmarked -> unmarked,0.18518518518518517,3,2,9.0,12.0,"{""Via Mezzaro"": 2, ""Ponte Navegna"": 1}",0.2,True
domain,4,Percieved qualities (experiential dimension) -> Landscape characteristics (physical properties) -> Place identity -> Governance,unmarked -> unmarked -> unmarked -> unmarked,0.18518518518518517,2,2,24.0,24.0,"{""Navegna Lago"": 1, ""Via Mezzaro"": 1}",0.2,True
domain,4,Percieved qualities (experiential dimension) -> Percieved qualities (experiential dimension) -> Place identity -> Governance,unmarked -> unmarked -> unmarked -> unmarked,0.18518518518518517,2,2,24.0,24.0,"{""Navegna Lago"": 1, ""Via Mezzaro"": 1}",0.2,True
domain,4,Landscape characteristics (physical properties) -> Place identity -> Percieved qualities (experiential dimension) -> Memory/temporality,unmarked -> unmarked -> unmarked -> unmarked,0.18229166666666666,2,2,7.5,7.5,"{""Via Mezzaro"": 1, ""Ponte Navegna"": 1}",0.2,True
domain,4,Social dimension -> Governance -> Landscape characteristics (physical properties) -> Memory/temporality,unmarked -> unmarked -> unmarked -> unmarked,0.18229166666666666,2,2,17.5,17.5,"{""Navegna Lago"": 1, ""Via Mezzaro"": 1}",0.2,True
domain,4,Social dimension -> Place identity -> Landscape characteristics (physical properties) -> Memory/temporality,unmarked -> unmarked -> unmarked -> unmarked,0.18229166666666666,2,2,40.0,40.0,"{""Via Mezzaro"": 1, ""Panorama, Via dei Colli"": 1}",0.2,True
domain,4,Social dimension -> Place identity -> Percieved qualities (experiential dimension) -> Place identity,unmarked -> unmarked -> unmarked -> unmarked,0.18229166666666666,2,2,32.5,32.5,"{""Simen x Paoli"": 1, ""Via Mezzaro"": 1}",0.2,True
domain,4,Landscape characteristics (physical properties) -> Functionality -> Functionality -> Landscape characteristics (physical properties),unmarked -> unmarked -> unmarked -> unmarked,0.18055555555555555,2,2,14.0,14.0,"{""Navegna Lago"": 1, ""Ponte Navegna"": 1}",0.2,True
domain,4,Landscape characteristics (physical properties) -> Functionality -> Memory/temporality -> Place identity,unmarked -> unmarked -> unmarked -> unmarked,0.18055555555555555,3,2,18.666666666666668,21.0,"{""Navegna Lago"": 2, ""Ponte Navegna"": 1}",0.2,True
domain,4,Percieved qualities (experiential dimension) -> Functionality -> Memory/temporality -> Place identity,unmarked -> unmarked -> unmarked -> unmarked,0.18055555555555555,3,2,13.666666666666666,17.0,"{""Navegna Lago"": 2, ""After Via dei Colli / Before Mezzaro"": 1}",0.2,True
domain,4,Percieved qualities (experiential dimension) -> Social dimension -> Percieved qualities (experiential dimension) -> Social dimension,unmarked -> unmarked -> unmarked -> unmarked,0.18055555555555555,3,2,33.333333333333336,34.0,"{""Via Mezzaro"": 1, ""Panorama, Via dei Colli"": 2}",0.2,True
domain,4,Place identity -> Memory/temporality -> Percieved qualities (experiential dimension) -> Percieved qualities (experiential dimension),unmarked -> unmarked -> unmarked -> unmarked,0.18055555555555555,3,2,8.333333333333334,9.0,"{""Navegna Lago"": 2, ""Ponte Navegna"": 1}",0.2,True
domain,4,Place identity -> Percieved qualities (experiential dimension) -> Landscape characteristics (physical properties) -> Percieved qualities (experiential dimension),unmarked -> unmarked -> unmarked -> unmarked,0.18055555555555555,3,2,30.333333333333332,36.0,"{""After Via dei Colli / Before Mezzaro"": 1, ""Panorama, Via dei Colli"": 2}",0.2,True
domain,4,Place identity -> Percieved qualities (experiential dimension) -> Percieved qualities (experiential dimension) -> Functionality,unmarked -> unmarked -> unmarked -> unmarked,0.18055555555555555,4,2,30.25,29.0,"{""Ponte Navegna"": 2, ""Panorama, Via dei Colli"": 2}",0.2,True
domain,4,Place identity -> Memory/temporality -> Place identity -> Memory/temporality,unmarked -> unmarked -> unmarked -> unmarked,0.17901234567901234,2,2,3.0,3.0,"{""Simen x Paoli"": 1, ""Via Mezzaro"": 1}",0.2,True
domain,4,Place identity -> Place identity -> Place identity -> Percieved qualities (experiential dimension),unmarked -> unmarked -> unmarked -> unmarked,0.17901234567901234,2,2,11.0,11.0,"{""Navegna Lago"": 1, ""Via Mezzaro"": 1}",0.2,True
domain,4,Functionality -> Functionality -> Functionality -> Social dimension,unmarked -> unmarked -> unmarked -> unmarked,0.1736111111111111,3,2,23.333333333333332,24.0,"{""Chiesa, Via San Gottardo"": 1, ""Panorama, Via dei Colli"": 2}",0.2,True
domain,4,Landscape characteristics (physical properties) -> Memory/temporality -> Social dimension -> Memory/temporality,unmarked -> unmarked -> unmarked -> unmarked,0.1736111111111111,2,2,12.0,12.0,"{""Via Mezzaro"": 1, ""Chiesa, Via San Gottardo"": 1}",0.2,True
domain,4,Percieved qualities (experiential dimension) -> Functionality -> Functionality -> Social dimension,unmarked -> unmarked -> unmarked -> unmarked,0.1736111111111111,3,2,18.333333333333332,12.0,"{""Via Mezzaro"": 1, ""Panorama, Via dei Colli"": 2}",0.2,True
domain,4,Social dimension -> Social dimension -> Percieved qualities (experiential dimension) -> Functionality,unmarked -> unmarked -> unmarked -> unmarked,0.1701388888888889,4,2,15.5,10.0,"{""Via Mezzaro"": 3, ""Panorama, Via dei Colli"": 1}",0.2,True
domain,4,Functionality -> Memory/temporality -> Memory/temporality -> Percieved qualities (experiential dimension),unmarked -> unmarked -> unmarked -> unmarked,0.16666666666666666,3,2,13.666666666666666,6.0,"{""Via Mezzaro"": 2, ""Panorama, Via dei Colli"": 1}",0.2,True
domain,4,Functionality -> Memory/temporality -> Social dimension -> Place identity,unmarked -> unmarked -> unmarked -> unmarked,0.16666666666666666,2,2,40.0,40.0,"{""Via Mezzaro"": 1, ""Panorama, Via dei Colli"": 1}",0.2,True
domain,4,Functionality -> Social dimension -> Social dimension -> Place identity,unmarked -> unmarked -> unmarked -> unmarked,0.16666666666666666,2,2,40.0,40.0,"{""Via Mezzaro"": 1, ""Panorama, Via dei Colli"": 1}",0.2,True
domain,4,Governance -> Functionality -> Functionality -> Functionality,unmarked -> unmarked -> unmarked -> unmarked,0.16666666666666666,2,2,57.0,57.0,"{""Navegna Lago"": 1, ""Via Mezzaro"": 1}",0.2,True
domain,4,Governance -> Functionality -> Percieved qualities (experiential dimension) -> Percieved qualities (experiential dimension),unmarked -> unmarked -> unmarked -> unmarked,0.16666666666666666,2,2,51.5,51.5,"{""Simen x Paoli"": 1, ""Ponte Navegna"": 1}",0.2,True
domain,4,Memory/temporality -> Percieved qualities (experiential dimension) -> Functionality -> Governance,unmarked -> unmarked -> unmarked -> unmarked,0.16666666666666666,2,2,28.5,28.5,"{""Via Mezzaro"": 1, ""Panorama, Via dei Colli"": 1}",0.2,True
domain,4,Memory/temporality -> Place identity -> Functionality -> Governance,unmarked -> unmarked -> unmarked -> unmarked,0.16666666666666666,2,2,28.5,28.5,"{""Via Mezzaro"": 1, ""Panorama, Via dei Colli"": 1}",0.2,True
domain,4,Percieved qualities (experiential dimension) -> Landscape characteristics (physical properties) -> Governance -> Functionality,unmarked -> unmarked -> unmarked -> unmarked,0.16666666666666666,2,2,7.5,7.5,"{""Via Mezzaro"": 1, ""Ponte Navegna"": 1}",0.2,True
domain,4,Percieved qualities (experiential dimension) -> Landscape characteristics (physical properties) -> Governance -> Social dimension,unmarked -> unmarked -> unmarked -> unmarked,0.16666666666666666,2,2,7.5,7.5,"{""Via Mezzaro"": 1, ""Ponte Navegna"": 1}",0.2,True
domain,4,Percieved qualities (experiential dimension) -> Landscape characteristics (physical properties) -> Social dimension -> Memory/temporality,unmarked -> unmarked -> unmarked -> unmarked,0.16666666666666666,3,2,21.333333333333332,25.0,"{""Chiesa, Via San Gottardo"": 2, ""Scuola Elementare, Via Frizzi"": 1}",0.2,True
domain,4,Percieved qualities (experiential dimension) -> Memory/temporality -> Social dimension -> Memory/temporality,unmarked -> unmarked -> unmarked -> unmarked,0.16666666666666666,3,2,21.333333333333332,25.0,"{""Chiesa, Via San Gottardo"": 2, ""Scuola Elementare, Via Frizzi"": 1}",0.2,True
domain,4,Percieved qualities (experiential dimension) -> Percieved qualities (experiential dimension) -> Memory/temporality -> Social dimension,unmarked -> unmarked -> unmarked -> unmarked,0.16666666666666666,4,2,75.0,73.0,"{""Navegna Lago"": 1, ""Panorama, Via dei Colli"": 3}",0.2,True
domain,4,Percieved qualities (experiential dimension) -> Place identity -> Governance -> Functionality,unmarked -> unmarked -> unmarked -> unmarked,0.16666666666666666,2,2,7.5,7.5,"{""Via Mezzaro"": 1, ""Ponte Navegna"": 1}",0.2,True
domain,4,Percieved qualities (experiential dimension) -> Place identity -> Governance -> Social dimension,unmarked -> unmarked -> unmarked -> unmarked,0.16666666666666666,2,2,7.5,7.5,"{""Via Mezzaro"": 1, ""Ponte Navegna"": 1}",0.2,True
domain,4,Percieved qualities (experiential dimension) -> Social dimension -> Functionality -> Governance,unmarked -> unmarked -> unmarked -> unmarked,0.16666666666666666,2,2,31.5,31.5,"{""Navegna Lago"": 1, ""Mulino San Martino / Parco Vicolo della Roggia"": 1}",0.2,True
domain,4,Percieved qualities (experiential dimension) -> Social dimension -> Governance -> Percieved qualities (experiential dimension),unmarked -> unmarked -> unmarked -> unmarked,0.16666666666666666,2,2,27.5,27.5,"{""Mulino San Martino / Parco Vicolo della Roggia"": 1, ""Panorama, Via dei Colli"": 1}",0.2,True
domain,4,Percieved qualities (experiential dimension) -> Social dimension -> Percieved qualities (experiential dimension) -> Governance,unmarked -> unmarked -> unmarked -> unmarked,0.16666666666666666,2,2,31.5,31.5,"{""Navegna Lago"": 1, ""Mulino San Martino / Parco Vicolo della Roggia"": 1}",0.2,True
domain,4,Place identity -> Memory/temporality -> Percieved qualities (experiential dimension) -> Memory/temporality,unmarked -> unmarked -> unmarked -> unmarked,0.16666666666666666,2,2,19.5,19.5,"{""Ponte Navegna"": 1, ""Chiesa, Via San Gottardo"": 1}",0.2,True
domain,4,Social dimension -> Percieved qualities (experiential dimension) -> Functionality -> Governance,unmarked -> unmarked -> unmarked -> unmarked,0.16666666666666666,2,2,28.5,28.5,"{""Via Mezzaro"": 1, ""Panorama, Via dei Colli"": 1}",0.2,True
domain,4,Social dimension -> Place identity -> Functionality -> Governance,unmarked -> unmarked -> unmarked -> unmarked,0.16666666666666666,2,2,28.5,28.5,"{""Via Mezzaro"": 1, ""Panorama, Via dei Colli"": 1}",0.2,True
domain,4,Functionality -> Social dimension -> Percieved qualities (experiential dimension) -> Social dimension,unmarked -> unmarked -> unmarked -> unmarked,0.16319444444444445,4,2,29.75,24.5,"{""Via Mezzaro"": 2, ""Panorama, Via dei Colli"": 2}",0.2,True
domain,4,Social dimension -> Functionality -> Social dimension -> Percieved qualities (experiential dimension),unmarked -> unmarked -> unmarked -> unmarked,0.16319444444444445,4,2,35.75,35.0,"{""Via Mezzaro"": 1, ""Panorama, Via dei Colli"": 3}",0.2,True
domain,4,Social dimension -> Percieved qualities (experiential dimension) -> Social dimension -> Percieved qualities (experiential dimension),unmarked -> unmarked -> unmarked -> unmarked,0.16319444444444445,4,2,34.25,35.0,"{""Via Mezzaro"": 1, ""Panorama, Via dei Colli"": 3}",0.2,True
domain,4,Memory/temporality -> Functionality -> Governance -> Governance,unmarked -> unmarked -> unmarked -> unmarked,0.1625,2,2,28.5,28.5,"{""Navegna Lago"": 1, ""Panorama, Via dei Colli"": 1}",0.2,True
domain,4,Functionality -> Place identity -> Landscape characteristics (physical properties) -> Place identity,unmarked -> unmarked -> unmarked -> unmarked,0.16145833333333331,3,2,15.0,9.0,"{""Via Mezzaro"": 2, ""Ponte Navegna"": 1}",0.2,True
domain,4,Memory/temporality -> Memory/temporality -> Landscape characteristics (physical properties) -> Social dimension,unmarked -> unmarked -> unmarked -> unmarked,0.1597222222222222,3,2,46.0,33.0,"{""Navegna Lago"": 1, ""Chiesa, Via San Gottardo"": 2}",0.2,True
domain,4,Memory/temporality -> Percieved qualities (experiential dimension) -> Memory/temporality -> Social dimension,unmarked -> unmarked -> unmarked -> unmarked,0.1597222222222222,3,2,46.0,33.0,"{""Navegna Lago"": 1, ""Chiesa, Via San Gottardo"": 2}",0.2,True
domain,4,Percieved qualities (experiential dimension) -> Percieved qualities (experiential dimension) -> Governance -> Memory/temporality,unmarked -> unmarked -> unmarked -> unmarked,0.1597222222222222,3,2,33.0,36.0,"{""Navegna Lago"": 2, ""Ponte Navegna"": 1}",0.2,True
domain,4,Social dimension -> Landscape characteristics (physical properties) -> Landscape characteristics (physical properties) -> Landscape characteristics (physical properties),unmarked -> unmarked -> unmarked -> unmarked,0.1574074074074074,3,2,12.666666666666666,12.0,"{""Ponte Navegna"": 2, ""Chiesa, Via San Gottardo"": 1}",0.2,True
domain,4,Social dimension -> Landscape characteristics (physical properties) -> Percieved qualities (experiential dimension) -> Landscape characteristics (physical properties),unmarked -> unmarked -> unmarked -> unmarked,0.1574074074074074,3,2,12.666666666666666,12.0,"{""Ponte Navegna"": 2, ""Chiesa, Via San Gottardo"": 1}",0.2,True
domain,4,Social dimension -> Percieved qualities (experiential dimension) -> Landscape characteristics (physical properties) -> Landscape characteristics (physical properties),unmarked -> unmarked -> unmarked -> unmarked,0.1574074074074074,3,2,12.666666666666666,12.0,"{""Ponte Navegna"": 2, ""Chiesa, Via San Gottardo"": 1}",0.2,True
domain,4,Memory/temporality -> Functionality -> Percieved qualities (experiential dimension) -> Landscape characteristics (physical properties),unmarked -> unmarked -> unmarked -> unmarked,0.1527777777777778,2,2,15.5,15.5,"{""Navegna Lago"": 1, ""Via Mezzaro"": 1}",0.2,True
domain,4,Memory/temporality -> Social dimension -> Functionality -> Landscape characteristics (physical properties),unmarked -> unmarked -> unmarked -> unmarked,0.1527777777777778,2,2,27.5,27.5,"{""Navegna Lago"": 1, ""Panorama, Via dei Colli"": 1}",0.2,True
domain,4,Place identity -> Landscape characteristics (physical properties) -> Memory/temporality -> Memory/temporality,unmarked -> unmarked -> unmarked -> unmarked,0.1527777777777778,2,2,48.5,48.5,"{""Navegna Lago"": 1, ""After Via dei Colli / Before Mezzaro"": 1}",0.2,True
domain,4,Social dimension -> Functionality -> Functionality -> Memory/temporality,unmarked -> unmarked -> unmarked -> unmarked,0.1527777777777778,2,2,31.5,31.5,"{""Via Mezzaro"": 1, ""Panorama, Via dei Colli"": 1}",0.2,True
domain,4,Memory/temporality -> Social dimension -> Social dimension -> Place identity,unmarked -> unmarked -> unmarked -> unmarked,0.15277777777777776,2,2,70.5,70.5,"{""Simen x Paoli"": 1, ""Panorama, Via dei Colli"": 1}",0.2,True
domain,4,Percieved qualities (experiential dimension) -> Functionality -> Landscape characteristics (physical properties) -> Memory/temporality,unmarked -> unmarked -> unmarked -> unmarked,0.15277777777777776,3,2,30.333333333333332,34.0,"{""Ponte Navegna"": 1, ""Panorama, Via dei Colli"": 2}",0.2,True
domain,4,Memory/temporality -> Functionality -> Governance -> Memory/temporality,unmarked -> unmarked -> unmarked -> unmarked,0.15208333333333335,3,2,40.666666666666664,47.0,"{""Navegna Lago"": 2, ""Via Mezzaro"": 1}",0.2,True
domain,4,Memory/temporality -> Functionality -> Governance -> Percieved qualities (experiential dimension),unmarked -> unmarked -> unmarked -> unmarked,0.15208333333333335,3,2,40.666666666666664,47.0,"{""Navegna Lago"": 2, ""Via Mezzaro"": 1}",0.2,True
domain,4,Percieved qualities (experiential dimension) -> Social dimension -> Percieved qualities (experiential dimension) -> Landscape characteristics (physical properties),unmarked -> unmarked -> unmarked -> unmarked,0.15046296296296297,3,2,4.666666666666667,3.0,"{""Via Mezzaro"": 2, ""Ponte Navegna"": 1}",0.2,True
domain,4,Functionality -> Landscape characteristics (physical properties) -> Functionality -> Memory/temporality,unmarked -> unmarked -> unmarked -> unmarked,0.14583333333333331,3,2,34.0,24.0,"{""Navegna Lago"": 1, ""Chiesa, Via San Gottardo"": 2}",0.2,True
domain,4,Functionality -> Memory/temporality -> Social dimension -> Memory/temporality,unmarked -> unmarked -> unmarked -> unmarked,0.14583333333333331,2,2,13.5,13.5,"{""Via Mezzaro"": 1, ""Chiesa, Via San Gottardo"": 1}",0.2,True
domain,4,Landscape characteristics (physical properties) -> Functionality -> Functionality -> Memory/temporality,unmarked -> unmarked -> unmarked -> unmarked,0.14583333333333331,2,2,23.0,23.0,"{""Navegna Lago"": 1, ""Chiesa, Via San Gottardo"": 1}",0.2,True
domain,4,Landscape characteristics (physical properties) -> Functionality -> Social dimension -> Memory/temporality,unmarked -> unmarked -> unmarked -> unmarked,0.14583333333333331,2,2,21.5,21.5,"{""Navegna Lago"": 1, ""Chiesa, Via San Gottardo"": 1}",0.2,True
domain,4,Memory/temporality -> Landscape characteristics (physical properties) -> Functionality -> Social dimension,unmarked -> unmarked -> unmarked -> unmarked,0.14583333333333331,2,2,34.0,34.0,"{""Ponte Navegna"": 1, ""Panorama, Via dei Colli"": 1}",0.2,True
domain,4,Memory/temporality -> Place identity -> Functionality -> Landscape characteristics (physical properties),unmarked -> unmarked -> unmarked -> unmarked,0.14583333333333331,3,2,61.666666666666664,30.0,"{""Navegna Lago"": 1, ""Ponte Navegna"": 2}",0.2,True
domain,4,Percieved qualities (experiential dimension) -> Social dimension -> Memory/temporality -> Social dimension,unmarked -> unmarked -> unmarked -> unmarked,0.14583333333333331,2,2,29.0,29.0,"{""Via Mezzaro"": 1, ""Scuola Elementare, Via Frizzi"": 1}",0.2,True
domain,4,Place identity -> Functionality -> Functionality -> Place identity,unmarked -> unmarked -> unmarked -> unmarked,0.14583333333333331,2,2,8.5,8.5,"{""Via Mezzaro"": 1, ""Panorama, Via dei Colli"": 1}",0.2,True
domain,4,Place identity -> Social dimension -> Functionality -> Place identity,unmarked -> unmarked -> unmarked -> unmarked,0.14583333333333331,2,2,8.5,8.5,"{""Via Mezzaro"": 1, ""Panorama, Via dei Colli"": 1}",0.2,True
domain,4,Place identity -> Social dimension -> Functionality -> Social dimension,unmarked -> unmarked -> unmarked -> unmarked,0.14583333333333331,2,2,14.5,14.5,"{""Via Mezzaro"": 1, ""Panorama, Via dei Colli"": 1}",0.2,True
domain,4,Functionality -> Social dimension -> Place identity -> Landscape characteristics (physical properties),unmarked -> unmarked -> unmarked -> unmarked,0.14351851851851852,2,2,18.5,18.5,"{""Ponte Navegna"": 1, ""Panorama, Via dei Colli"": 1}",0.2,True
domain,4,Landscape characteristics (physical properties) -> Place identity -> Functionality -> Percieved qualities (experiential dimension),unmarked -> unmarked -> unmarked -> unmarked,0.14351851851851852,2,2,6.5,6.5,"{""Via Mezzaro"": 1, ""Ponte Navegna"": 1}",0.2,True
domain,4,Landscape characteristics (physical properties) -> Governance -> Place identity -> Place identity,unmarked -> unmarked -> unmarked -> unmarked,0.13908179012345678,4,2,8.25,6.0,"{""Via Mezzaro"": 3, ""Ponte Navegna"": 1}",0.2,True
domain,4,Functionality -> Governance -> Functionality -> Percieved qualities (experiential dimension),unmarked -> unmarked -> unmarked -> unmarked,0.1388888888888889,2,2,124.0,124.0,"{""Simen x Paoli"": 1, ""Via Mezzaro"": 1}",0.2,True
domain,4,Functionality -> Governance -> Place identity -> Percieved qualities (experiential dimension),unmarked -> unmarked -> unmarked -> unmarked,0.1388888888888889,2,2,17.5,17.5,"{""After Via dei Colli / Before Mezzaro"": 1, ""Via Mezzaro"": 1}",0.2,True
domain,4,Governance -> Memory/temporality -> Functionality -> Landscape characteristics (physical properties),unmarked -> unmarked -> unmarked -> unmarked,0.1388888888888889,3,2,52.333333333333336,6.0,"{""Navegna Lago"": 2, ""Ponte Navegna"": 1}",0.2,True
domain,4,Governance -> Social dimension -> Percieved qualities (experiential dimension) -> Memory/temporality,unmarked -> unmarked -> unmarked -> unmarked,0.1388888888888889,2,2,7.0,7.0,"{""Via Mezzaro"": 1, ""Ponte Navegna"": 1}",0.2,True
domain,4,Governance -> Social dimension -> Place identity -> Memory/temporality,unmarked -> unmarked -> unmarked -> unmarked,0.1388888888888889,2,2,7.0,7.0,"{""Via Mezzaro"": 1, ""Ponte Navegna"": 1}",0.2,True
domain,4,Landscape characteristics (physical properties) -> Functionality -> Social dimension -> Place identity,unmarked -> unmarked -> unmarked -> unmarked,0.1388888888888889,2,2,5.5,5.5,"{""Ponte Navegna"": 1, ""Panorama, Via dei Colli"": 1}",0.2,True
domain,4,Landscape characteristics (physical properties) -> Memory/temporality -> Memory/temporality -> Governance,unmarked -> unmarked -> unmarked -> unmarked,0.1388888888888889,3,2,49.666666666666664,57.0,"{""Simen x Paoli"": 1, ""Panorama, Via dei Colli"": 2}",0.2,True
domain,4,Landscape characteristics (physical properties) -> Social dimension -> Percieved qualities (experiential dimension) -> Landscape characteristics (physical properties),unmarked -> unmarked -> unmarked -> unmarked,0.1388888888888889,2,2,20.0,20.0,"{""Navegna Lago"": 1, ""Chiesa, Via San Gottardo"": 1}",0.2,True
domain,4,Memory/temporality -> Percieved qualities (experiential dimension) -> Social dimension -> Percieved qualities (experiential dimension),unmarked -> unmarked -> unmarked -> unmarked,0.1388888888888889,2,2,19.0,19.0,"{""Via Mezzaro"": 1, ""Panorama, Via dei Colli"": 1}",0.2,True
domain,4,Percieved qualities (experiential dimension) -> Functionality -> Governance -> Place identity,unmarked -> unmarked -> unmarked -> unmarked,0.1388888888888889,2,2,16.0,16.0,"{""After Via dei Colli / Before Mezzaro"": 1, ""Via Mezzaro"": 1}",0.2,True
domain,4,Percieved qualities (experiential dimension) -> Percieved qualities (experiential dimension) -> Social dimension -> Memory/temporality,unmarked -> unmarked -> unmarked -> unmarked,0.1388888888888889,2,2,18.5,18.5,"{""Chiesa, Via San Gottardo"": 1, ""Scuola Elementare, Via Frizzi"": 1}",0.2,True
domain,4,Percieved qualities (experiential dimension) -> Social dimension -> Social dimension -> Percieved qualities (experiential dimension),unmarked -> unmarked -> unmarked -> unmarked,0.1388888888888889,2,2,22.0,22.0,"{""Mulino San Martino / Parco Vicolo della Roggia"": 1, ""Via Mezzaro"": 1}",0.2,True
domain,4,Social dimension -> Social dimension -> Functionality -> Functionality,unmarked -> unmarked -> unmarked -> unmarked,0.1388888888888889,3,2,24.666666666666668,30.0,"{""Via Mezzaro"": 1, ""Panorama, Via dei Colli"": 2}",0.2,True
domain,4,Functionality -> Landscape characteristics (physical properties) -> Place identity -> Functionality,unmarked -> unmarked -> unmarked -> unmarked,0.13657407407407407,3,2,17.666666666666668,15.0,"{""Via Mezzaro"": 1, ""Ponte Navegna"": 2}",0.2,True
domain,4,Social dimension -> Percieved qualities (experiential dimension) -> Place identity -> Place identity,unmarked -> unmarked -> unmarked -> unmarked,0.13657407407407407,3,2,23.0,12.0,"{""Via Mezzaro"": 2, ""Panorama, Via dei Colli"": 1}",0.2,True
domain,4,Memory/temporality -> Governance -> Governance -> Landscape characteristics (physical properties),unmarked -> unmarked -> unmarked -> unmarked,0.13518518518518519,3,2,67.66666666666667,66.0,"{""Navegna Lago"": 2, ""Panorama, Via dei Colli"": 1}",0.2,True
domain,4,Memory/temporality -> Functionality -> Governance -> Landscape characteristics (physical properties),unmarked -> unmarked -> unmarked -> unmarked,0.13125,2,2,34.0,34.0,"{""Navegna Lago"": 1, ""Via Mezzaro"": 1}",0.2,True
domain,4,Memory/temporality -> Functionality -> Governance -> Place identity,unmarked -> unmarked -> unmarked -> unmarked,0.13125,2,2,34.0,34.0,"{""Navegna Lago"": 1, ""Via Mezzaro"": 1}",0.2,True
domain,4,Functionality -> Memory/temporality -> Memory/temporality -> Place identity,unmarked -> unmarked -> unmarked -> unmarked,0.125,2,2,12.0,12.0,"{""Navegna Lago"": 1, ""Via Mezzaro"": 1}",0.2,True
domain,4,Functionality -> Social dimension -> Memory/temporality -> Percieved qualities (experiential dimension),unmarked -> unmarked -> unmarked -> unmarked,0.125,2,2,12.5,12.5,"{""Navegna Lago"": 1, ""Via Mezzaro"": 1}",0.2,True
domain,4,Governance -> Functionality -> Percieved qualities (experiential dimension) -> Functionality,unmarked -> unmarked -> unmarked -> unmarked,0.125,2,2,36.0,36.0,"{""Navegna Lago"": 1, ""Via Mezzaro"": 1}",0.2,True
domain,4,Landscape characteristics (physical properties) -> Landscape characteristics (physical properties) -> Governance -> Memory/temporality,unmarked -> unmarked -> unmarked -> unmarked,0.125,2,2,21.0,21.0,"{""Navegna Lago"": 1, ""Ponte Navegna"": 1}",0.2,True
domain,4,Landscape characteristics (physical properties) -> Memory/temporality -> Percieved qualities (experiential dimension) -> Functionality,unmarked -> unmarked -> unmarked -> unmarked,0.125,3,2,40.333333333333336,56.0,"{""Chiesa, Via San Gottardo"": 1, ""Panorama, Via dei Colli"": 2}",0.2,True
domain,4,Memory/temporality -> Landscape characteristics (physical properties) -> Percieved qualities (experiential dimension) -> Place identity,unmarked -> unmarked -> unmarked -> unmarked,0.125,3,2,9.333333333333334,8.0,"{""Navegna Lago"": 2, ""After Via dei Colli / Before Mezzaro"": 1}",0.2,True
domain,4,Memory/temporality -> Social dimension -> Memory/temporality -> Functionality,unmarked -> unmarked -> unmarked -> unmarked,0.125,3,2,10.666666666666666,8.0,"{""Via Mezzaro"": 2, ""Chiesa, Via San Gottardo"": 1}",0.2,True
domain,4,Memory/temporality -> Social dimension -> Memory/temporality -> Landscape characteristics (physical properties),unmarked -> unmarked -> unmarked -> unmarked,0.125,3,2,13.0,15.0,"{""Via Mezzaro"": 2, ""Chiesa, Via San Gottardo"": 1}",0.2,True
domain,4,Place identity -> Memory/temporality -> Memory/temporality -> Social dimension,unmarked -> unmarked -> unmarked -> unmarked,0.125,2,2,58.5,58.5,"{""Simen x Paoli"": 1, ""Panorama, Via dei Colli"": 1}",0.2,True
domain,4,Place identity -> Percieved qualities (experiential dimension) -> Memory/temporality -> Landscape characteristics (physical properties),unmarked -> unmarked -> unmarked -> unmarked,0.125,2,2,38.5,38.5,"{""Ponte Navegna"": 1, ""Panorama, Via dei Colli"": 1}",0.2,True
domain,4,Place identity -> Place identity -> Memory/temporality -> Percieved qualities (experiential dimension),unmarked -> unmarked -> unmarked -> unmarked,0.125,2,2,16.0,16.0,"{""After Via dei Colli / Before Mezzaro"": 1, ""Ponte Navegna"": 1}",0.2,True
domain,4,Social dimension -> Memory/temporality -> Functionality -> Functionality,unmarked -> unmarked -> unmarked -> unmarked,0.125,2,2,21.5,21.5,"{""Chiesa, Via San Gottardo"": 1, ""Panorama, Via dei Colli"": 1}",0.2,True
domain,4,Landscape characteristics (physical properties) -> Governance -> Place identity -> Percieved qualities (experiential dimension),unmarked -> unmarked -> unmarked -> unmarked,0.12345679012345678,3,2,9.0,6.0,"{""Via Mezzaro"": 2, ""Ponte Navegna"": 1}",0.2,True
domain,4,Percieved qualities (experiential dimension) -> Memory/temporality -> Governance -> Place identity,unmarked -> unmarked -> unmarked -> unmarked,0.12345679012345678,2,2,3.0,3.0,"{""Via Mezzaro"": 1, ""Ponte Navegna"": 1}",0.2,True
domain,4,Place identity -> Governance -> Place identity -> Percieved qualities (experiential dimension),unmarked -> unmarked -> unmarked -> unmarked,0.12345679012345678,3,2,9.0,6.0,"{""Via Mezzaro"": 2, ""Ponte Navegna"": 1}",0.2,True
domain,4,Social dimension -> Percieved qualities (experiential dimension) -> Memory/temporality -> Place identity,unmarked -> unmarked -> unmarked -> unmarked,0.12268518518518517,3,2,26.333333333333332,12.0,"{""Via Mezzaro"": 2, ""Panorama, Via dei Colli"": 1}",0.2,True
domain,4,Governance -> Governance -> Landscape characteristics (physical properties) -> Percieved qualities (experiential dimension),unmarked -> unmarked -> unmarked -> unmarked,0.12037037037037036,2,2,41.0,41.0,"{""Navegna Lago"": 1, ""Panorama, Via dei Colli"": 1}",0.2,True
domain,4,Governance -> Landscape characteristics (physical properties) -> Percieved qualities (experiential dimension) -> Social dimension,unmarked -> unmarked -> unmarked -> unmarked,0.12037037037037036,2,2,22.5,22.5,"{""Navegna Lago"": 1, ""Via Mezzaro"": 1}",0.2,True
domain,4,Memory/temporality -> Governance -> Landscape characteristics (physical properties) -> Percieved qualities (experiential dimension),unmarked -> unmarked -> unmarked -> unmarked,0.12037037037037036,2,2,41.0,41.0,"{""Navegna Lago"": 1, ""Panorama, Via dei Colli"": 1}",0.2,True
domain,4,Memory/temporality -> Governance -> Memory/temporality -> Social dimension,unmarked -> unmarked -> unmarked -> unmarked,0.12037037037037036,2,2,21.5,21.5,"{""Simen x Paoli"": 1, ""Via Mezzaro"": 1}",0.2,True
domain,4,Memory/temporality -> Governance -> Place identity -> Social dimension,unmarked -> unmarked -> unmarked -> unmarked,0.12037037037037036,2,2,21.5,21.5,"{""Simen x Paoli"": 1, ""Via Mezzaro"": 1}",0.2,True
domain,4,Place identity -> Governance -> Memory/temporality -> Social dimension,unmarked -> unmarked -> unmarked -> unmarked,0.12037037037037036,2,2,21.5,21.5,"{""Simen x Paoli"": 1, ""Via Mezzaro"": 1}",0.2,True
domain,4,Place identity -> Governance -> Place identity -> Social dimension,unmarked -> unmarked -> unmarked -> unmarked,0.12037037037037036,2,2,21.5,21.5,"{""Simen x Paoli"": 1, ""Via Mezzaro"": 1}",0.2,True
domain,4,Memory/temporality -> Governance -> Governance -> Governance,unmarked -> unmarked -> unmarked -> unmarked,0.11851851851851852,2,2,56.5,56.5,"{""Navegna Lago"": 1, ""Panorama, Via dei Colli"": 1}",0.2,True
domain,4,Memory/temporality -> Governance -> Governance -> Place identity,unmarked -> unmarked -> unmarked -> unmarked,0.11851851851851852,2,2,56.5,56.5,"{""Navegna Lago"": 1, ""Panorama, Via dei Colli"": 1}",0.2,True
domain,4,Governance -> Memory/temporality -> Place identity -> Functionality,unmarked -> unmarked -> unmarked -> unmarked,0.11805555555555555,2,2,80.5,80.5,"{""Via Mezzaro"": 1, ""Ponte Navegna"": 1}",0.2,True
domain,4,Governance -> Percieved qualities (experiential dimension) -> Place identity -> Functionality,unmarked -> unmarked -> unmarked -> unmarked,0.11805555555555555,2,2,80.5,80.5,"{""Via Mezzaro"": 1, ""Ponte Navegna"": 1}",0.2,True
domain,4,Governance -> Percieved qualities (experiential dimension) -> Place identity -> Memory/temporality,unmarked -> unmarked -> unmarked -> unmarked,0.11805555555555555,2,2,14.5,14.5,"{""Navegna Lago"": 1, ""Via Mezzaro"": 1}",0.2,True
domain,4,Governance -> Percieved qualities (experiential dimension) -> Place identity -> Place identity,unmarked -> unmarked -> unmarked -> unmarked,0.11805555555555555,2,2,14.5,14.5,"{""Navegna Lago"": 1, ""Via Mezzaro"": 1}",0.2,True
domain,4,Memory/temporality -> Functionality -> Percieved qualities (experiential dimension) -> Social dimension,unmarked -> unmarked -> unmarked -> unmarked,0.11805555555555555,2,2,32.0,32.0,"{""Via Mezzaro"": 1, ""Panorama, Via dei Colli"": 1}",0.2,True
domain,4,Memory/temporality -> Social dimension -> Place identity -> Place identity,unmarked -> unmarked -> unmarked -> unmarked,0.11805555555555555,3,2,27.0,21.0,"{""Via Mezzaro"": 2, ""Panorama, Via dei Colli"": 1}",0.2,True
domain,4,Percieved qualities (experiential dimension) -> Landscape characteristics (physical properties) -> Social dimension -> Functionality,unmarked -> unmarked -> unmarked -> unmarked,0.11805555555555555,2,2,24.0,24.0,"{""Navegna Lago"": 1, ""Via Mezzaro"": 1}",0.2,True
domain,4,Functionality -> Memory/temporality -> Percieved qualities (experiential dimension) -> Percieved qualities (experiential dimension),unmarked -> unmarked -> unmarked -> unmarked,0.1111111111111111,2,2,22.0,22.0,"{""Navegna Lago"": 1, ""Ponte Navegna"": 1}",0.2,True
domain,4,Governance -> Memory/temporality -> Landscape characteristics (physical properties) -> Landscape characteristics (physical properties),unmarked -> unmarked -> unmarked -> unmarked,0.1111111111111111,2,2,75.5,75.5,"{""Navegna Lago"": 1, ""Ponte Navegna"": 1}",0.2,True
domain,4,Governance -> Percieved qualities (experiential dimension) -> Percieved qualities (experiential dimension) -> Functionality,unmarked -> unmarked -> unmarked -> unmarked,0.1111111111111111,3,2,34.0,36.0,"{""Navegna Lago"": 2, ""Panorama, Via dei Colli"": 1}",0.2,True
domain,4,Landscape characteristics (physical properties) -> Governance -> Functionality -> Place identity,unmarked -> unmarked -> unmarked -> unmarked,0.1111111111111111,2,2,10.5,10.5,"{""Via Mezzaro"": 1, ""Ponte Navegna"": 1}",0.2,True
domain,4,Landscape characteristics (physical properties) -> Governance -> Social dimension -> Percieved qualities (experiential dimension),unmarked -> unmarked -> unmarked -> unmarked,0.1111111111111111,2,2,10.5,10.5,"{""Via Mezzaro"": 1, ""Ponte Navegna"": 1}",0.2,True
domain,4,Landscape characteristics (physical properties) -> Governance -> Social dimension -> Place identity,unmarked -> unmarked -> unmarked -> unmarked,0.1111111111111111,2,2,10.5,10.5,"{""Via Mezzaro"": 1, ""Ponte Navegna"": 1}",0.2,True
domain,4,Landscape characteristics (physical properties) -> Landscape characteristics (physical properties) -> Place identity -> Place identity,unmarked -> unmarked -> unmarked -> unmarked,0.1111111111111111,2,2,25.5,25.5,"{""After Via dei Colli / Before Mezzaro"": 1, ""Ponte Navegna"": 1}",0.2,True
domain,4,Memory/temporality -> Functionality -> Social dimension -> Functionality,unmarked -> unmarked -> unmarked -> unmarked,0.1111111111111111,2,2,19.5,19.5,"{""Via Mezzaro"": 1, ""Panorama, Via dei Colli"": 1}",0.2,True
domain,4,Memory/temporality -> Social dimension -> Memory/temporality -> Percieved qualities (experiential dimension),unmarked -> unmarked -> unmarked -> unmarked,0.1111111111111111,3,2,13.666666666666666,15.0,"{""Via Mezzaro"": 1, ""Chiesa, Via San Gottardo"": 2}",0.2,True
domain,4,Place identity -> Functionality -> Landscape characteristics (physical properties) -> Functionality,unmarked -> unmarked -> unmarked -> unmarked,0.1111111111111111,2,2,29.5,29.5,"{""Ponte Navegna"": 1, ""Panorama, Via dei Colli"": 1}",0.2,True
domain,4,Place identity -> Governance -> Functionality -> Place identity,unmarked -> unmarked -> unmarked -> unmarked,0.1111111111111111,2,2,10.5,10.5,"{""Via Mezzaro"": 1, ""Ponte Navegna"": 1}",0.2,True
domain,4,Place identity -> Governance -> Social dimension -> Percieved qualities (experiential dimension),unmarked -> unmarked -> unmarked -> unmarked,0.1111111111111111,2,2,10.5,10.5,"{""Via Mezzaro"": 1, ""Ponte Navegna"": 1}",0.2,True
domain,4,Place identity -> Governance -> Social dimension -> Place identity,unmarked -> unmarked -> unmarked -> unmarked,0.1111111111111111,2,2,10.5,10.5,"{""Via Mezzaro"": 1, ""Ponte Navegna"": 1}",0.2,True
domain,4,Place identity -> Landscape characteristics (physical properties) -> Percieved qualities (experiential dimension) -> Landscape characteristics (physical properties),unmarked -> unmarked -> unmarked -> unmarked,0.1111111111111111,3,2,20.333333333333332,22.0,"{""Navegna Lago"": 1, ""Ponte Navegna"": 2}",0.2,True
domain,4,Governance -> Landscape characteristics (physical properties) -> Governance -> Percieved qualities (experiential dimension),unmarked -> unmarked -> unmarked -> unmarked,0.10787037037037037,3,2,63.0,66.0,"{""Navegna Lago"": 2, ""Panorama, Via dei Colli"": 1}",0.2,True
domain,4,Governance -> Percieved qualities (experiential dimension) -> Governance -> Percieved qualities (experiential dimension),unmarked -> unmarked -> unmarked -> unmarked,0.10787037037037037,3,2,63.0,66.0,"{""Navegna Lago"": 2, ""Panorama, Via dei Colli"": 1}",0.2,True
domain,4,Percieved qualities (experiential dimension) -> Functionality -> Social dimension -> Percieved qualities (experiential dimension),unmarked -> unmarked -> unmarked -> unmarked,0.10763888888888888,3,2,40.0,40.0,"{""Via Mezzaro"": 1, ""Panorama, Via dei Colli"": 2}",0.2,True
domain,4,Functionality -> Functionality -> Memory/temporality -> Functionality,unmarked -> unmarked -> unmarked -> unmarked,0.10416666666666666,2,2,28.5,28.5,"{""Navegna Lago"": 1, ""Chiesa, Via San Gottardo"": 1}",0.2,True
domain,4,Functionality -> Memory/temporality -> Percieved qualities (experiential dimension) -> Social dimension,unmarked -> unmarked -> unmarked -> unmarked,0.10416666666666666,2,2,36.5,36.5,"{""Via Mezzaro"": 1, ""Panorama, Via dei Colli"": 1}",0.2,True
domain,4,Functionality -> Memory/temporality -> Place identity -> Social dimension,unmarked -> unmarked -> unmarked -> unmarked,0.10416666666666666,2,2,36.5,36.5,"{""Via Mezzaro"": 1, ""Panorama, Via dei Colli"": 1}",0.2,True
domain,4,Functionality -> Memory/temporality -> Social dimension -> Functionality,unmarked -> unmarked -> unmarked -> unmarked,0.10416666666666666,2,2,32.0,32.0,"{""Navegna Lago"": 1, ""Chiesa, Via San Gottardo"": 1}",0.2,True
domain,4,Functionality -> Percieved qualities (experiential dimension) -> Governance -> Governance,unmarked -> unmarked -> unmarked -> unmarked,0.10416666666666666,2,2,8.0,8.0,"{""Navegna Lago"": 1, ""Panorama, Via dei Colli"": 1}",0.2,True
domain,4,Governance -> Percieved qualities (experiential dimension) -> Memory/temporality -> Memory/temporality,unmarked -> unmarked -> unmarked -> unmarked,0.10416666666666666,2,2,20.0,20.0,"{""Navegna Lago"": 1, ""Ponte Navegna"": 1}",0.2,True
domain,4,Landscape characteristics (physical properties) -> Functionality -> Memory/temporality -> Functionality,unmarked -> unmarked -> unmarked -> unmarked,0.10416666666666666,2,2,28.5,28.5,"{""Navegna Lago"": 1, ""Chiesa, Via San Gottardo"": 1}",0.2,True
domain,4,Landscape characteristics (physical properties) -> Landscape characteristics (physical properties) -> Social dimension -> Percieved qualities (experiential dimension),unmarked -> unmarked -> unmarked -> unmarked,0.10416666666666666,2,2,47.0,47.0,"{""Navegna Lago"": 1, ""Panorama, Via dei Colli"": 1}",0.2,True
domain,4,Landscape characteristics (physical properties) -> Memory/temporality -> Social dimension -> Functionality,unmarked -> unmarked -> unmarked -> unmarked,0.10416666666666666,2,2,38.5,38.5,"{""Chiesa, Via San Gottardo"": 1, ""Panorama, Via dei Colli"": 1}",0.2,True
domain,4,Memory/temporality -> Memory/temporality -> Social dimension -> Functionality,unmarked -> unmarked -> unmarked -> unmarked,0.10416666666666666,2,2,48.0,48.0,"{""Navegna Lago"": 1, ""Panorama, Via dei Colli"": 1}",0.2,True
domain,4,Percieved qualities (experiential dimension) -> Memory/temporality -> Functionality -> Percieved qualities (experiential dimension),unmarked -> unmarked -> unmarked -> unmarked,0.10416666666666666,2,2,48.0,48.0,"{""Navegna Lago"": 1, ""Panorama, Via dei Colli"": 1}",0.2,True
domain,4,Percieved qualities (experiential dimension) -> Memory/temporality -> Social dimension -> Functionality,unmarked -> unmarked -> unmarked -> unmarked,0.10416666666666666,2,2,48.0,48.0,"{""Navegna Lago"": 1, ""Panorama, Via dei Colli"": 1}",0.2,True
domain,4,Percieved qualities (experiential dimension) -> Percieved qualities (experiential dimension) -> Landscape characteristics (physical properties) -> Social dimension,unmarked -> unmarked -> unmarked -> unmarked,0.10416666666666666,2,2,77.0,77.0,"{""Navegna Lago"": 1, ""Panorama, Via dei Colli"": 1}",0.2,True
domain,4,Place identity -> Landscape characteristics (physical properties) -> Memory/temporality -> Functionality,unmarked -> unmarked -> unmarked -> unmarked,0.10416666666666666,2,2,40.0,40.0,"{""Via Mezzaro"": 1, ""Panorama, Via dei Colli"": 1}",0.2,True
domain,4,Place identity -> Memory/temporality -> Memory/temporality -> Functionality,unmarked -> unmarked -> unmarked -> unmarked,0.10416666666666666,2,2,40.0,40.0,"{""Via Mezzaro"": 1, ""Panorama, Via dei Colli"": 1}",0.2,True
domain,4,Place identity -> Memory/temporality -> Memory/temporality -> Place identity,unmarked -> unmarked -> unmarked -> unmarked,0.10416666666666666,2,2,4.5,4.5,"{""Via Mezzaro"": 1, ""Ponte Navegna"": 1}",0.2,True
domain,4,Place identity -> Percieved qualities (experiential dimension) -> Memory/temporality -> Functionality,unmarked -> unmarked -> unmarked -> unmarked,0.10416666666666666,2,2,40.0,40.0,"{""Via Mezzaro"": 1, ""Panorama, Via dei Colli"": 1}",0.2,True
domain,4,Social dimension -> Functionality -> Memory/temporality -> Percieved qualities (experiential dimension),unmarked -> unmarked -> unmarked -> unmarked,0.10416666666666666,2,2,36.5,36.5,"{""Via Mezzaro"": 1, ""Panorama, Via dei Colli"": 1}",0.2,True
domain,4,Social dimension -> Percieved qualities (experiential dimension) -> Social dimension -> Place identity,unmarked -> unmarked -> unmarked -> unmarked,0.10416666666666666,2,2,33.5,33.5,"{""Via Mezzaro"": 1, ""Panorama, Via dei Colli"": 1}",0.2,True
domain,4,Social dimension -> Place identity -> Memory/temporality -> Percieved qualities (experiential dimension),unmarked -> unmarked -> unmarked -> unmarked,0.10416666666666666,2,2,4.5,4.5,"{""Via Mezzaro"": 1, ""Ponte Navegna"": 1}",0.2,True
domain,4,Governance -> Governance -> Governance -> Percieved qualities (experiential dimension),unmarked -> unmarked -> unmarked -> unmarked,0.1037037037037037,3,2,75.0,69.0,"{""Navegna Lago"": 2, ""Panorama, Via dei Colli"": 1}",0.2,True
domain,4,Functionality -> Social dimension -> Percieved qualities (experiential dimension) -> Landscape characteristics (physical properties),unmarked -> unmarked -> unmarked -> unmarked,0.10185185185185185,2,2,19.0,19.0,"{""Navegna Lago"": 1, ""Ponte Navegna"": 1}",0.2,True
domain,4,Social dimension -> Landscape characteristics (physical properties) -> Governance -> Landscape characteristics (physical properties),unmarked -> unmarked -> unmarked -> unmarked,0.10185185185185185,2,2,16.5,16.5,"{""Navegna Lago"": 1, ""Via Mezzaro"": 1}",0.2,True
domain,4,Social dimension -> Percieved qualities (experiential dimension) -> Governance -> Landscape characteristics (physical properties),unmarked -> unmarked -> unmarked -> unmarked,0.10185185185185185,2,2,23.5,23.5,"{""Navegna Lago"": 1, ""Via Mezzaro"": 1}",0.2,True
domain,4,Governance -> Governance -> Memory/temporality -> Functionality,unmarked -> unmarked -> unmarked -> unmarked,0.09999999999999999,3,2,83.66666666666667,90.0,"{""Navegna Lago"": 2, ""Ponte Navegna"": 1}",0.2,True
domain,4,Functionality -> Place identity -> Place identity -> Place identity,unmarked -> unmarked -> unmarked -> unmarked,0.09895833333333333,2,2,18.0,18.0,"{""Via Mezzaro"": 1, ""Ponte Navegna"": 1}",0.2,True
domain,4,Governance -> Percieved qualities (experiential dimension) -> Landscape characteristics (physical properties) -> Governance,unmarked -> unmarked -> unmarked -> unmarked,0.09722222222222221,2,2,37.0,37.0,"{""Navegna Lago"": 1, ""Via Mezzaro"": 1}",0.2,True
domain,4,Governance -> Percieved qualities (experiential dimension) -> Percieved qualities (experiential dimension) -> Governance,unmarked -> unmarked -> unmarked -> unmarked,0.09722222222222221,2,2,37.0,37.0,"{""Navegna Lago"": 1, ""Via Mezzaro"": 1}",0.2,True
domain,4,Landscape characteristics (physical properties) -> Percieved qualities (experiential dimension) -> Social dimension -> Place identity,unmarked -> unmarked -> unmarked -> unmarked,0.09722222222222221,2,2,35.5,35.5,"{""Ponte Navegna"": 1, ""Panorama, Via dei Colli"": 1}",0.2,True
domain,4,Percieved qualities (experiential dimension) -> Landscape characteristics (physical properties) -> Social dimension -> Landscape characteristics (physical properties),unmarked -> unmarked -> unmarked -> unmarked,0.09722222222222221,3,2,15.666666666666666,12.0,"{""Via Mezzaro"": 1, ""Chiesa, Via San Gottardo"": 2}",0.2,True
domain,4,Percieved qualities (experiential dimension) -> Social dimension -> Memory/temporality -> Functionality,unmarked -> unmarked -> unmarked -> unmarked,0.09722222222222221,2,2,13.0,13.0,"{""Via Mezzaro"": 1, ""Chiesa, Via San Gottardo"": 1}",0.2,True
domain,4,Percieved qualities (experiential dimension) -> Social dimension -> Memory/temporality -> Percieved qualities (experiential dimension),unmarked -> unmarked -> unmarked -> unmarked,0.09722222222222221,2,2,13.0,13.0,"{""Via Mezzaro"": 1, ""Chiesa, Via San Gottardo"": 1}",0.2,True
domain,4,Landscape characteristics (physical properties) -> Governance -> Governance -> Memory/temporality,unmarked -> unmarked -> unmarked -> unmarked,0.09567901234567901,2,2,19.5,19.5,"{""Via Mezzaro"": 1, ""Ponte Navegna"": 1}",0.2,True
domain,4,Landscape characteristics (physical properties) -> Memory/temporality -> Governance -> Memory/temporality,unmarked -> unmarked -> unmarked -> unmarked,0.09567901234567901,2,2,31.5,31.5,"{""Simen x Paoli"": 1, ""Via Mezzaro"": 1}",0.2,True
domain,4,Landscape characteristics (physical properties) -> Place identity -> Governance -> Memory/temporality,unmarked -> unmarked -> unmarked -> unmarked,0.09567901234567901,2,2,31.5,31.5,"{""Simen x Paoli"": 1, ""Via Mezzaro"": 1}",0.2,True
domain,4,Percieved qualities (experiential dimension) -> Governance -> Governance -> Place identity,unmarked -> unmarked -> unmarked -> unmarked,0.09567901234567901,2,2,19.5,19.5,"{""Via Mezzaro"": 1, ""Ponte Navegna"": 1}",0.2,True
domain,4,Place identity -> Governance -> Landscape characteristics (physical properties) -> Percieved qualities (experiential dimension),unmarked -> unmarked -> unmarked -> unmarked,0.09567901234567901,2,2,11.0,11.0,"{""Navegna Lago"": 1, ""Via Mezzaro"": 1}",0.2,True
domain,4,Landscape characteristics (physical properties) -> Landscape characteristics (physical properties) -> Functionality -> Governance,unmarked -> unmarked -> unmarked -> unmarked,0.09375,2,2,46.0,46.0,"{""Navegna Lago"": 1, ""Panorama, Via dei Colli"": 1}",0.2,True
domain,4,Landscape characteristics (physical properties) -> Percieved qualities (experiential dimension) -> Social dimension -> Functionality,unmarked -> unmarked -> unmarked -> unmarked,0.09375,2,2,35.0,35.0,"{""Via Mezzaro"": 1, ""Panorama, Via dei Colli"": 1}",0.2,True
domain,4,Governance -> Governance -> Place identity -> Percieved qualities (experiential dimension),unmarked -> unmarked -> unmarked -> unmarked,0.09259259259259259,2,2,110.5,110.5,"{""Ponte Navegna"": 1, ""Panorama, Via dei Colli"": 1}",0.2,True
domain,4,Governance -> Percieved qualities (experiential dimension) -> Place identity -> Percieved qualities (experiential dimension),unmarked -> unmarked -> unmarked -> unmarked,0.09259259259259259,2,2,110.5,110.5,"{""Ponte Navegna"": 1, ""Panorama, Via dei Colli"": 1}",0.2,True
domain,4,Memory/temporality -> Governance -> Place identity -> Percieved qualities (experiential dimension),unmarked -> unmarked -> unmarked -> unmarked,0.09259259259259259,2,2,33.0,33.0,"{""Ponte Navegna"": 1, ""Panorama, Via dei Colli"": 1}",0.2,True
domain,4,Functionality -> Functionality -> Functionality -> Functionality,unmarked -> unmarked -> unmarked -> unmarked,0.09027777777777778,2,2,16.0,16.0,"{""Via Mezzaro"": 1, ""Chiesa, Via San Gottardo"": 1}",0.2,True
domain,4,Landscape characteristics (physical properties) -> Social dimension -> Memory/temporality -> Memory/temporality,unmarked -> unmarked -> unmarked -> unmarked,0.09027777777777778,3,2,21.0,15.0,"{""Chiesa, Via San Gottardo"": 2, ""Scuola Elementare, Via Frizzi"": 1}",0.2,True
domain,4,Memory/temporality -> Functionality -> Functionality -> Functionality,unmarked -> unmarked -> unmarked -> unmarked,0.09027777777777778,2,2,27.0,27.0,"{""Chiesa, Via San Gottardo"": 1, ""Panorama, Via dei Colli"": 1}",0.2,True
domain,4,Memory/temporality -> Landscape characteristics (physical properties) -> Social dimension -> Percieved qualities (experiential dimension),unmarked -> unmarked -> unmarked -> unmarked,0.09027777777777778,2,2,33.5,33.5,"{""Navegna Lago"": 1, ""Chiesa, Via San Gottardo"": 1}",0.2,True
domain,4,Percieved qualities (experiential dimension) -> Social dimension -> Functionality -> Memory/temporality,unmarked -> unmarked -> unmarked -> unmarked,0.09027777777777778,2,2,21.5,21.5,"{""Via Mezzaro"": 1, ""Panorama, Via dei Colli"": 1}",0.2,True
domain,4,Percieved qualities (experiential dimension) -> Social dimension -> Functionality -> Social dimension,unmarked -> unmarked -> unmarked -> unmarked,0.09027777777777778,2,2,21.5,21.5,"{""Via Mezzaro"": 1, ""Panorama, Via dei Colli"": 1}",0.2,True
domain,4,Place identity -> Place identity -> Memory/temporality -> Landscape characteristics (physical properties),unmarked -> unmarked -> unmarked -> unmarked,0.09027777777777778,2,2,14.5,14.5,"{""After Via dei Colli / Before Mezzaro"": 1, ""Via Mezzaro"": 1}",0.2,True
domain,4,Memory/temporality -> Percieved qualities (experiential dimension) -> Place identity -> Place identity,unmarked -> unmarked -> unmarked -> unmarked,0.08680555555555555,2,2,34.5,34.5,"{""Via Mezzaro"": 1, ""Panorama, Via dei Colli"": 1}",0.2,True
domain,4,Memory/temporality -> Social dimension -> Place identity -> Landscape characteristics (physical properties),unmarked -> unmarked -> unmarked -> unmarked,0.08680555555555555,2,2,34.5,34.5,"{""Via Mezzaro"": 1, ""Panorama, Via dei Colli"": 1}",0.2,True
domain,4,Memory/temporality -> Social dimension -> Place identity -> Social dimension,unmarked -> unmarked -> unmarked -> unmarked,0.08680555555555555,2,2,30.0,30.0,"{""Via Mezzaro"": 1, ""Panorama, Via dei Colli"": 1}",0.2,True
domain,4,Social dimension -> Social dimension -> Place identity -> Place identity,unmarked -> unmarked -> unmarked -> unmarked,0.08680555555555555,2,2,30.0,30.0,"{""Via Mezzaro"": 1, ""Panorama, Via dei Colli"": 1}",0.2,True
domain,4,Landscape characteristics (physical properties) -> Place identity -> Place identity -> Memory/temporality,unmarked -> unmarked -> unmarked -> unmarked,0.08352623456790123,4,2,13.25,13.0,"{""After Via dei Colli / Before Mezzaro"": 2, ""Via Mezzaro"": 2}",0.2,True
domain,4,Functionality -> Percieved qualities (experiential dimension) -> Place identity -> Governance,unmarked -> unmarked -> unmarked -> unmarked,0.08333333333333333,2,2,7.5,7.5,"{""Navegna Lago"": 1, ""Via Mezzaro"": 1}",0.2,True
domain,4,Governance -> Percieved qualities (experiential dimension) -> Memory/temporality -> Landscape characteristics (physical properties),unmarked -> unmarked -> unmarked -> unmarked,0.08333333333333333,2,2,80.5,80.5,"{""Navegna Lago"": 1, ""Ponte Navegna"": 1}",0.2,True
domain,4,Governance -> Place identity -> Landscape characteristics (physical properties) -> Landscape characteristics (physical properties),unmarked -> unmarked -> unmarked -> unmarked,0.08333333333333333,2,2,78.0,78.0,"{""After Via dei Colli / Before Mezzaro"": 1, ""Ponte Navegna"": 1}",0.2,True
domain,4,Landscape characteristics (physical properties) -> Memory/temporality -> Functionality -> Functionality,unmarked -> unmarked -> unmarked -> unmarked,0.08333333333333333,2,2,31.5,31.5,"{""Chiesa, Via San Gottardo"": 1, ""Panorama, Via dei Colli"": 1}",0.2,True
domain,4,Memory/temporality -> Functionality -> Functionality -> Memory/temporality,unmarked -> unmarked -> unmarked -> unmarked,0.08333333333333333,2,2,39.0,39.0,"{""Navegna Lago"": 1, ""Chiesa, Via San Gottardo"": 1}",0.2,True
domain,4,Memory/temporality -> Landscape characteristics (physical properties) -> Functionality -> Memory/temporality,unmarked -> unmarked -> unmarked -> unmarked,0.08333333333333333,2,2,39.0,39.0,"{""Navegna Lago"": 1, ""Chiesa, Via San Gottardo"": 1}",0.2,True
domain,4,Place identity -> Functionality -> Landscape characteristics (physical properties) -> Place identity,unmarked -> unmarked -> unmarked -> unmarked,0.08333333333333333,2,2,20.0,20.0,"{""Navegna Lago"": 1, ""Ponte Navegna"": 1}",0.2,True
domain,4,Functionality -> Functionality -> Place identity -> Percieved qualities (experiential dimension),unmarked -> unmarked -> unmarked -> unmarked,0.08101851851851852,2,2,9.0,9.0,"{""Via Mezzaro"": 1, ""Ponte Navegna"": 1}",0.2,True
domain,4,Functionality -> Place identity -> Landscape characteristics (physical properties) -> Landscape characteristics (physical properties),unmarked -> unmarked -> unmarked -> unmarked,0.08101851851851852,2,2,9.0,9.0,"{""Via Mezzaro"": 1, ""Ponte Navegna"": 1}",0.2,True
domain,4,Percieved qualities (experiential dimension) -> Functionality -> Place identity -> Landscape characteristics (physical properties),unmarked -> unmarked -> unmarked -> unmarked,0.08101851851851852,3,2,12.666666666666666,3.0,"{""Via Mezzaro"": 1, ""Ponte Navegna"": 2}",0.2,True
domain,4,Social dimension -> Place identity -> Functionality -> Percieved qualities (experiential dimension),unmarked -> unmarked -> unmarked -> unmarked,0.08101851851851852,2,2,9.0,9.0,"{""Via Mezzaro"": 1, ""Ponte Navegna"": 1}",0.2,True
domain,4,Place identity -> Landscape characteristics (physical properties) -> Memory/temporality -> Social dimension,unmarked -> unmarked -> unmarked -> unmarked,0.07870370370370369,2,2,37.0,37.0,"{""Via Mezzaro"": 1, ""Panorama, Via dei Colli"": 1}",0.2,True
domain,4,Memory/temporality -> Percieved qualities (experiential dimension) -> Memory/temporality -> Functionality,unmarked -> unmarked -> unmarked -> unmarked,0.0763888888888889,2,2,49.0,49.0,"{""Navegna Lago"": 1, ""Chiesa, Via San Gottardo"": 1}",0.2,True
domain,4,Landscape characteristics (physical properties) -> Memory/temporality -> Percieved qualities (experiential dimension) -> Social dimension,unmarked -> unmarked -> unmarked -> unmarked,0.07638888888888888,3,2,48.333333333333336,58.0,"{""Chiesa, Via San Gottardo"": 1, ""Panorama, Via dei Colli"": 2}",0.2,True
domain,4,Percieved qualities (experiential dimension) -> Functionality -> Memory/temporality -> Percieved qualities (experiential dimension),unmarked -> unmarked -> unmarked -> unmarked,0.07638888888888888,2,2,37.5,37.5,"{""Navegna Lago"": 1, ""Panorama, Via dei Colli"": 1}",0.2,True
domain,4,Percieved qualities (experiential dimension) -> Social dimension -> Place identity -> Place identity,unmarked -> unmarked -> unmarked -> unmarked,0.07638888888888888,2,2,25.5,25.5,"{""Via Mezzaro"": 1, ""Panorama, Via dei Colli"": 1}",0.2,True
domain,4,Percieved qualities (experiential dimension) -> Landscape characteristics (physical properties) -> Memory/temporality -> Place identity,unmarked -> unmarked -> unmarked -> unmarked,0.07407407407407407,2,2,7.5,7.5,"{""Navegna Lago"": 1, ""Via Mezzaro"": 1}",0.2,True
domain,4,Social dimension -> Percieved qualities (experiential dimension) -> Place identity -> Landscape characteristics (physical properties),unmarked -> unmarked -> unmarked -> unmarked,0.07407407407407407,2,2,30.0,30.0,"{""Via Mezzaro"": 1, ""Panorama, Via dei Colli"": 1}",0.2,True
domain,4,Functionality -> Landscape characteristics (physical properties) -> Place identity -> Governance,unmarked -> unmarked -> unmarked -> unmarked,0.07291666666666666,2,2,8.0,8.0,"{""Navegna Lago"": 1, ""Panorama, Via dei Colli"": 1}",0.2,True
domain,4,Functionality -> Place identity -> Functionality -> Governance,unmarked -> unmarked -> unmarked -> unmarked,0.07291666666666666,2,2,9.5,9.5,"{""Via Mezzaro"": 1, ""Panorama, Via dei Colli"": 1}",0.2,True
domain,4,Functionality -> Place identity -> Landscape characteristics (physical properties) -> Governance,unmarked -> unmarked -> unmarked -> unmarked,0.07291666666666666,2,2,9.5,9.5,"{""Via Mezzaro"": 1, ""Panorama, Via dei Colli"": 1}",0.2,True
domain,4,Functionality -> Place identity -> Place identity -> Governance,unmarked -> unmarked -> unmarked -> unmarked,0.07291666666666666,2,2,9.5,9.5,"{""Via Mezzaro"": 1, ""Panorama, Via dei Colli"": 1}",0.2,True
domain,4,Functionality -> Social dimension -> Percieved qualities (experiential dimension) -> Place identity,unmarked -> unmarked -> unmarked -> unmarked,0.07291666666666666,2,2,40.0,40.0,"{""Via Mezzaro"": 1, ""Panorama, Via dei Colli"": 1}",0.2,True
domain,4,Landscape characteristics (physical properties) -> Functionality -> Percieved qualities (experiential dimension) -> Governance,unmarked -> unmarked -> unmarked -> unmarked,0.07291666666666666,2,2,14.5,14.5,"{""Navegna Lago"": 1, ""Panorama, Via dei Colli"": 1}",0.2,True
domain,4,Memory/temporality -> Social dimension -> Percieved qualities (experiential dimension) -> Memory/temporality,unmarked -> unmarked -> unmarked -> unmarked,0.07291666666666666,3,2,11.0,12.0,"{""Via Mezzaro"": 2, ""Chiesa, Via San Gottardo"": 1}",0.2,True
domain,4,Memory/temporality -> Social dimension -> Percieved qualities (experiential dimension) -> Place identity,unmarked -> unmarked -> unmarked -> unmarked,0.07291666666666666,2,2,40.0,40.0,"{""Via Mezzaro"": 1, ""Panorama, Via dei Colli"": 1}",0.2,True
domain,4,Governance -> Governance -> Memory/temporality -> Percieved qualities (experiential dimension),unmarked -> unmarked -> unmarked -> unmarked,0.07222222222222222,2,2,122.5,122.5,"{""Navegna Lago"": 1, ""Ponte Navegna"": 1}",0.2,True
domain,4,Memory/temporality -> Governance -> Functionality -> Percieved qualities (experiential dimension),unmarked -> unmarked -> unmarked -> unmarked,0.07222222222222222,2,2,45.0,45.0,"{""Navegna Lago"": 1, ""Ponte Navegna"": 1}",0.2,True
domain,4,Functionality -> Functionality -> Percieved qualities (experiential dimension) -> Social dimension,unmarked -> unmarked -> unmarked -> unmarked,0.06944444444444445,2,2,35.0,35.0,"{""Navegna Lago"": 1, ""Panorama, Via dei Colli"": 1}",0.2,True
domain,4,Functionality -> Landscape characteristics (physical properties) -> Memory/temporality -> Governance,unmarked -> unmarked -> unmarked -> unmarked,0.06944444444444445,2,2,19.0,19.0,"{""Navegna Lago"": 1, ""Panorama, Via dei Colli"": 1}",0.2,True
domain,4,Landscape characteristics (physical properties) -> Social dimension -> Memory/temporality -> Percieved qualities (experiential dimension),unmarked -> unmarked -> unmarked -> unmarked,0.06944444444444445,3,2,14.0,15.0,"{""Navegna Lago"": 1, ""Chiesa, Via San Gottardo"": 2}",0.2,True
domain,4,Place identity -> Landscape characteristics (physical properties) -> Memory/temporality -> Landscape characteristics (physical properties),unmarked -> unmarked -> unmarked -> unmarked,0.06944444444444445,2,2,47.0,47.0,"{""After Via dei Colli / Before Mezzaro"": 1, ""Panorama, Via dei Colli"": 1}",0.2,True
domain,4,Place identity -> Percieved qualities (experiential dimension) -> Landscape characteristics (physical properties) -> Place identity,unmarked -> unmarked -> unmarked -> unmarked,0.06944444444444445,2,2,26.5,26.5,"{""After Via dei Colli / Before Mezzaro"": 1, ""Ponte Navegna"": 1}",0.2,True
domain,4,Place identity -> Percieved qualities (experiential dimension) -> Place identity -> Place identity,unmarked -> unmarked -> unmarked -> unmarked,0.06944444444444445,2,2,26.5,26.5,"{""After Via dei Colli / Before Mezzaro"": 1, ""Ponte Navegna"": 1}",0.2,True
domain,4,Place identity -> Place identity -> Memory/temporality -> Memory/temporality,unmarked -> unmarked -> unmarked -> unmarked,0.06944444444444445,2,2,10.0,10.0,"{""After Via dei Colli / Before Mezzaro"": 1, ""Ponte Navegna"": 1}",0.2,True
domain,4,Social dimension -> Memory/temporality -> Memory/temporality -> Functionality,unmarked -> unmarked -> unmarked -> unmarked,0.06944444444444445,2,2,6.5,6.5,"{""Via Mezzaro"": 1, ""Chiesa, Via San Gottardo"": 1}",0.2,True
domain,4,Landscape characteristics (physical properties) -> Memory/temporality -> Place identity -> Percieved qualities (experiential dimension),unmarked -> unmarked -> unmarked -> unmarked,0.06790123456790123,2,2,7.5,7.5,"{""Navegna Lago"": 1, ""Via Mezzaro"": 1}",0.2,True
domain,4,Place identity -> Memory/temporality -> Place identity -> Percieved qualities (experiential dimension),unmarked -> unmarked -> unmarked -> unmarked,0.06790123456790123,2,2,7.5,7.5,"{""Navegna Lago"": 1, ""Via Mezzaro"": 1}",0.2,True
domain,4,Place identity -> Place identity -> Place identity -> Memory/temporality,unmarked -> unmarked -> unmarked -> unmarked,0.06790123456790123,3,2,15.666666666666666,20.0,"{""After Via dei Colli / Before Mezzaro"": 2, ""Via Mezzaro"": 1}",0.2,True
domain,4,Landscape characteristics (physical properties) -> Functionality -> Percieved qualities (experiential dimension) -> Social dimension,unmarked -> unmarked -> unmarked -> unmarked,0.0625,2,2,54.0,54.0,"{""Navegna Lago"": 1, ""Panorama, Via dei Colli"": 1}",0.2,True
domain,4,Percieved qualities (experiential dimension) -> Functionality -> Place identity -> Place identity,unmarked -> unmarked -> unmarked -> unmarked,0.0625,2,2,17.5,17.5,"{""Via Mezzaro"": 1, ""Ponte Navegna"": 1}",0.2,True
domain,4,Percieved qualities (experiential dimension) -> Social dimension -> Percieved qualities (experiential dimension) -> Place identity,unmarked -> unmarked -> unmarked -> unmarked,0.0625,2,2,35.5,35.5,"{""Via Mezzaro"": 1, ""Panorama, Via dei Colli"": 1}",0.2,True
domain,4,Place identity -> Functionality -> Percieved qualities (experiential dimension) -> Place identity,unmarked -> unmarked -> unmarked -> unmarked,0.0625,2,2,5.5,5.5,"{""Navegna Lago"": 1, ""Via Mezzaro"": 1}",0.2,True
domain,4,Place identity -> Functionality -> Place identity -> Landscape characteristics (physical properties),unmarked -> unmarked -> unmarked -> unmarked,0.0625,2,2,17.5,17.5,"{""Via Mezzaro"": 1, ""Ponte Navegna"": 1}",0.2,True
domain,4,Place identity -> Functionality -> Place identity -> Place identity,unmarked -> unmarked -> unmarked -> unmarked,0.0625,2,2,17.5,17.5,"{""Via Mezzaro"": 1, ""Ponte Navegna"": 1}",0.2,True
domain,4,Place identity -> Memory/temporality -> Percieved qualities (experiential dimension) -> Place identity,unmarked -> unmarked -> unmarked -> unmarked,0.0625,2,2,1.5,1.5,"{""Via Mezzaro"": 1, ""Ponte Navegna"": 1}",0.2,True
domain,4,Memory/temporality -> Governance -> Landscape characteristics (physical properties) -> Landscape characteristics (physical properties),unmarked -> unmarked -> unmarked -> unmarked,0.06018518518518518,2,2,45.5,45.5,"{""Ponte Navegna"": 1, ""Panorama, Via dei Colli"": 1}",0.2,True
domain,4,Percieved qualities (experiential dimension) -> Place identity -> Governance -> Landscape characteristics (physical properties),unmarked -> unmarked -> unmarked -> unmarked,0.06018518518518518,2,2,8.5,8.5,"{""Navegna Lago"": 1, ""Via Mezzaro"": 1}",0.2,True
domain,4,Functionality -> Social dimension -> Percieved qualities (experiential dimension) -> Memory/temporality,unmarked -> unmarked -> unmarked -> unmarked,0.059027777777777776,2,2,23.0,23.0,"{""Via Mezzaro"": 1, ""Panorama, Via dei Colli"": 1}",0.2,True
domain,4,Functionality -> Governance -> Memory/temporality -> Memory/temporality,unmarked -> unmarked -> unmarked -> unmarked,0.057291666666666664,2,2,13.5,13.5,"{""Navegna Lago"": 1, ""Via Mezzaro"": 1}",0.2,True
domain,4,Functionality -> Governance -> Memory/temporality -> Place identity,unmarked -> unmarked -> unmarked -> unmarked,0.057291666666666664,2,2,13.5,13.5,"{""Navegna Lago"": 1, ""Via Mezzaro"": 1}",0.2,True
domain,4,Functionality -> Governance -> Percieved qualities (experiential dimension) -> Memory/temporality,unmarked -> unmarked -> unmarked -> unmarked,0.057291666666666664,2,2,13.5,13.5,"{""Navegna Lago"": 1, ""Via Mezzaro"": 1}",0.2,True
domain,4,Functionality -> Governance -> Percieved qualities (experiential dimension) -> Place identity,unmarked -> unmarked -> unmarked -> unmarked,0.057291666666666664,2,2,13.5,13.5,"{""Navegna Lago"": 1, ""Via Mezzaro"": 1}",0.2,True
domain,4,Functionality -> Place identity -> Percieved qualities (experiential dimension) -> Memory/temporality,unmarked -> unmarked -> unmarked -> unmarked,0.057291666666666664,2,2,3.0,3.0,"{""Via Mezzaro"": 1, ""Ponte Navegna"": 1}",0.2,True
domain,4,Percieved qualities (experiential dimension) -> Place identity -> Landscape characteristics (physical properties) -> Memory/temporality,unmarked -> unmarked -> unmarked -> unmarked,0.055748456790123455,3,2,10.666666666666666,6.0,"{""After Via dei Colli / Before Mezzaro"": 1, ""Via Mezzaro"": 2}",0.2,True
domain,4,Percieved qualities (experiential dimension) -> Place identity -> Place identity -> Memory/temporality,unmarked -> unmarked -> unmarked -> unmarked,0.055748456790123455,3,2,10.666666666666666,6.0,"{""After Via dei Colli / Before Mezzaro"": 1, ""Via Mezzaro"": 2}",0.2,True
domain,4,Landscape characteristics (physical properties) -> Social dimension -> Landscape characteristics (physical properties) -> Percieved qualities (experiential dimension),unmarked -> unmarked -> unmarked -> unmarked,0.05555555555555555,3,2,10.333333333333334,8.0,"{""Via Mezzaro"": 1, ""Chiesa, Via San Gottardo"": 2}",0.2,True
domain,4,Landscape characteristics (physical properties) -> Social dimension -> Percieved qualities (experiential dimension) -> Social dimension,unmarked -> unmarked -> unmarked -> unmarked,0.05555555555555555,2,2,36.5,36.5,"{""Chiesa, Via San Gottardo"": 1, ""Panorama, Via dei Colli"": 1}",0.2,True
domain,4,Social dimension -> Functionality -> Functionality -> Functionality,unmarked -> unmarked -> unmarked -> unmarked,0.05555555555555555,2,2,19.0,19.0,"{""Via Mezzaro"": 1, ""Panorama, Via dei Colli"": 1}",0.2,True
domain,4,Percieved qualities (experiential dimension) -> Memory/temporality -> Governance -> Percieved qualities (experiential dimension),unmarked -> unmarked -> unmarked -> unmarked,0.05401234567901234,2,2,5.5,5.5,"{""Navegna Lago"": 1, ""Via Mezzaro"": 1}",0.2,True
domain,4,Percieved qualities (experiential dimension) -> Place identity -> Governance -> Percieved qualities (experiential dimension),unmarked -> unmarked -> unmarked -> unmarked,0.05401234567901234,2,2,5.5,5.5,"{""Navegna Lago"": 1, ""Via Mezzaro"": 1}",0.2,True
domain,4,Memory/temporality -> Landscape characteristics (physical properties) -> Governance -> Memory/temporality,unmarked -> unmarked -> unmarked -> unmarked,0.05208333333333333,2,2,37.5,37.5,"{""Navegna Lago"": 1, ""Via Mezzaro"": 1}",0.2,True
domain,4,Memory/temporality -> Percieved qualities (experiential dimension) -> Governance -> Memory/temporality,unmarked -> unmarked -> unmarked -> unmarked,0.05208333333333333,2,2,37.5,37.5,"{""Navegna Lago"": 1, ""Via Mezzaro"": 1}",0.2,True
domain,4,Memory/temporality -> Percieved qualities (experiential dimension) -> Governance -> Place identity,unmarked -> unmarked -> unmarked -> unmarked,0.04976851851851852,2,2,43.5,43.5,"{""Via Mezzaro"": 1, ""Panorama, Via dei Colli"": 1}",0.2,True
domain,4,Percieved qualities (experiential dimension) -> Governance -> Landscape characteristics (physical properties) -> Percieved qualities (experiential dimension),unmarked -> unmarked -> unmarked -> unmarked,0.04938271604938271,2,2,36.0,36.0,"{""Via Mezzaro"": 1, ""Panorama, Via dei Colli"": 1}",0.2,True
domain,4,Percieved qualities (experiential dimension) -> Governance -> Place identity -> Percieved qualities (experiential dimension),unmarked -> unmarked -> unmarked -> unmarked,0.04938271604938271,2,2,36.0,36.0,"{""Via Mezzaro"": 1, ""Panorama, Via dei Colli"": 1}",0.2,True
domain,4,Place identity -> Functionality -> Percieved qualities (experiential dimension) -> Landscape characteristics (physical properties),unmarked -> unmarked -> unmarked -> unmarked,0.048611111111111105,2,2,9.0,9.0,"{""Via Mezzaro"": 1, ""Ponte Navegna"": 1}",0.2,True
domain,4,Landscape characteristics (physical properties) -> Governance -> Landscape characteristics (physical properties) -> Place identity,unmarked -> unmarked -> unmarked -> unmarked,0.046489197530864196,3,2,26.0,6.0,"{""Via Mezzaro"": 2, ""Panorama, Via dei Colli"": 1}",0.2,True
domain,4,Functionality -> Social dimension -> Landscape characteristics (physical properties) -> Functionality,unmarked -> unmarked -> unmarked -> unmarked,0.046296296296296294,2,2,5.5,5.5,"{""Via Mezzaro"": 1, ""Ponte Navegna"": 1}",0.2,True
domain,4,Landscape characteristics (physical properties) -> Place identity -> Percieved qualities (experiential dimension) -> Place identity,unmarked -> unmarked -> unmarked -> unmarked,0.043402777777777776,2,2,18.0,18.0,"{""Via Mezzaro"": 1, ""Ponte Navegna"": 1}",0.2,True
domain,4,Percieved qualities (experiential dimension) -> Place identity -> Memory/temporality -> Memory/temporality,unmarked -> unmarked -> unmarked -> unmarked,0.043402777777777776,2,2,13.0,13.0,"{""After Via dei Colli / Before Mezzaro"": 1, ""Via Mezzaro"": 1}",0.2,True
domain,4,Memory/temporality -> Percieved qualities (experiential dimension) -> Social dimension -> Landscape characteristics (physical properties),unmarked -> unmarked -> unmarked -> unmarked,0.041666666666666664,2,2,21.0,21.0,"{""Chiesa, Via San Gottardo"": 1, ""Panorama, Via dei Colli"": 1}",0.2,True
domain,4,Percieved qualities (experiential dimension) -> Social dimension -> Landscape characteristics (physical properties) -> Memory/temporality,unmarked -> unmarked -> unmarked -> unmarked,0.041666666666666664,2,2,21.0,21.0,"{""Chiesa, Via San Gottardo"": 1, ""Panorama, Via dei Colli"": 1}",0.2,True
domain,4,Social dimension -> Memory/temporality -> Percieved qualities (experiential dimension) -> Memory/temporality,unmarked -> unmarked -> unmarked -> unmarked,0.041666666666666664,2,2,9.0,9.0,"{""Via Mezzaro"": 1, ""Chiesa, Via San Gottardo"": 1}",0.2,True
domain,4,Social dimension -> Percieved qualities (experiential dimension) -> Social dimension -> Landscape characteristics (physical properties),unmarked -> unmarked -> unmarked -> unmarked,0.041666666666666664,2,2,21.0,21.0,"{""Chiesa, Via San Gottardo"": 1, ""Panorama, Via dei Colli"": 1}",0.2,True
domain,4,Percieved qualities (experiential dimension) -> Functionality -> Place identity -> Functionality,unmarked -> unmarked -> unmarked -> unmarked,0.039351851851851846,2,2,3.0,3.0,"{""Via Mezzaro"": 1, ""Ponte Navegna"": 1}",0.2,True
domain,4,Landscape characteristics (physical properties) -> Percieved qualities (experiential dimension) -> Percieved qualities (experiential dimension) -> Social dimension,unmarked -> unmarked -> unmarked -> unmarked,0.034722222222222224,2,2,43.5,43.5,"{""Chiesa, Via San Gottardo"": 1, ""Panorama, Via dei Colli"": 1}",0.2,True
domain,4,Percieved qualities (experiential dimension) -> Social dimension -> Landscape characteristics (physical properties) -> Functionality,unmarked -> unmarked -> unmarked -> unmarked,0.032407407407407406,2,2,5.5,5.5,"{""Ponte Navegna"": 1, ""Chiesa, Via San Gottardo"": 1}",0.2,True
domain,4,Percieved qualities (experiential dimension) -> Social dimension -> Landscape characteristics (physical properties) -> Percieved qualities (experiential dimension),unmarked -> unmarked -> unmarked -> unmarked,0.032407407407407406,2,2,5.5,5.5,"{""Ponte Navegna"": 1, ""Chiesa, Via San Gottardo"": 1}",0.2,True
domain,4,Social dimension -> Landscape characteristics (physical properties) -> Memory/temporality -> Landscape characteristics (physical properties),unmarked -> unmarked -> unmarked -> unmarked,0.032407407407407406,2,2,12.0,12.0,"{""Via Mezzaro"": 1, ""Chiesa, Via San Gottardo"": 1}",0.2,True
domain,4,Social dimension -> Percieved qualities (experiential dimension) -> Memory/temporality -> Landscape characteristics (physical properties),unmarked -> unmarked -> unmarked -> unmarked,0.032407407407407406,2,2,12.0,12.0,"{""Via Mezzaro"": 1, ""Chiesa, Via San Gottardo"": 1}",0.2,True
